Education Level,Job Title.1,Years of Experience,Salary
2,7,5,90000
3,6,3,65000
4,9,15,150000
2,6,7,60000
3,10,20,200000
2,6,2,55000
3,8,12,120000
2,7,4,80000
2,5,1,45000
4,8,10,110000
3,7,3,75000
2,8,18,140000
2,6,6,65000
3,8,14,130000
2,5,2,40000
2,8,16,125000
3,7,7,90000
4,8,12,115000
2,5,0,35000
2,9,22,180000
3,7,5,80000
3,9,19,190000
2,6,2,50000
2,6,9,60000
3,8,13,140000
2,5,3,45000
3,8,11,110000
2,5,1,40000
4,8,15,140000
3,7,6,90000
2,10,25,250000
2,6,4,55000
3,7,3,75000
2,6,10,65000
4,9,20,170000
2,5,2,45000
2,6,7,60000
3,8,14,115000
2,5,1,40000
2,9,21,160000
3,7,5,80000
3,9,18,190000
2,6,3,60000
2,5,8,45000
3,8,13,130000
2,5,2,40000
2,7,5,75000
3,9,16,180000
4,8,11,120000
2,5,0,35000
2,8,22,130000
3,7,7,85000
2,6,12,60000
3,10,19,200000
2,6,3,50000
2,7,9,95000
3,6,2,65000
4,8,17,140000
2,6,4,55000
3,8,7,105000
3,9,23,170000
2,6,3,50000
2,7,12,80000
4,9,21,180000
2,5,1,35000
3,7,10,90000
2,8,19,120000
2,5,5,45000
3,7,8,90000
3,9,18,150000
2,6,6,65000
2,7,11,70000
4,9,16,190000
2,5,2,40000
3,8,14,120000
2,7,10,95000
2,9,22,160000
3,8,6,100000
3,9,20,180000
2,6,3,55000
2,7,8,70000
3,7,13,80000
2,5,0,30000
4,10,24,250000
2,5,2,40000
3,7,10,95000
2,5,2,45000
2,7,15,80000
3,8,21,135000
2,6,6,55000
4,8,11,120000
2,5,3,40000
2,8,18,105000
3,9,25,170000
2,7,7,75000
2,6,12,65000
4,9,22,160000
2,5,1,35000
3,7,10,90000
2,8,20,110000
2,5,5,45000
3,7,8,95000
3,9,19,150000
2,6,5,50000
3,7,13,80000
4,10,16,220000
2,6,3,50000
2,6,7,60000
3,8,14,100000
2,5,2,40000
3,8,15,110000
2,7,9,95000
2,8,22,130000
3,7,6,90000
2,5,0.5,35000
3,7,6,95000
2,6,15,65000
4,9,20,170000
2,5,3,45000
3,8,10,120000
2,8,17,100000
3,9,25,180000
2,6,5,50000
2,7,11,80000
4,8,16,140000
2,5,2,40000
3,7,9,95000
2,8,18,110000
2,6,4,50000
3,8,8,105000
3,9,21,160000
2,5,3,45000
3,8,12,100000
4,9,22,160000
2,5,1,35000
2,6,10,55000
3,8,19,140000
2,6,4,50000
2,6,7,60000
3,8,14,120000
2,5,2,40000
3,8,13,110000
2,6,5,50000
2,8,20,135000
3,5,1.5,40000
2,7,8,90000
4,9,16,150000
2,6,4,60000
2,7,10,80000
3,9,19,175000
2,5,3,45000
3,8,11,120000
4,8,18,140000
2,5,2,35000
3,7,9,95000
2,8,14,110000
2,6,5,50000
3,8,7,115000
4,9,23,185000
2,5,2,40000
2,7,12,90000
3,9,21,175000
2,5,3,45000
2,7,7,80000
3,8,13,120000
2,5,1.5,35000
2,8,14,110000
4,9,18,150000
2,6,4,50000
3,8,9,105000
3,9,20,180000
2,5,2,40000
2,9,,
2,8,16,140000
3,5,1.5,45000
2,7,7,85000
4,8,18,140000
2,6,4,50000
2,7,10,80000
3,9,20,170000
2,5,2,40000
3,8,9,105000
4,8,15,145000
2,5,2,40000
2,7,8,85000
2,8,14,130000
3,7,6,95000
2,8,9,100000
4,9,22,180000
2,5,1.5,35000
2,7,12,95000
3,9,19,170000
2,5,3,45000
2,7,7,95000
3,8,13,120000
2,5,2,40000
2,7,11,90000
4,9,17,155000
2,6,5,55000
3,8,9,110000
3,9,21,180000
2,5,3,45000
2,8,16,130000
3,5,1.5,45000
2,7,7,90000
4,9,17,160000
2,6,4,50000
2,8,10,120000
3,9,20,170000
2,5,2,40000
3,8,9,110000
4,9,15,150000
2,5,2,40000
2,7,8,85000
2,8,14,130000
3,8,6,100000
2,7,9,95000
4,9,22,180000
2,5,1.5,35000
2,8,12,100000
3,9,19,170000
2,5,3,45000
2,8,7,100000
3,8,13,140000
2,5,2,40000
2,8,11,105000
4,9,18,160000
2,7,5,70000
3,8,9,120000
3,9,21,190000
2,5,3,45000
2,8,15,120000
3,6,1.5,50000
2,7,8,85000
4,8,13,140000
2,5,3,45000
2,8,9,100000
3,8,16,140000
2,7,5,70000
2,8,10,120000
4,9,18,160000
2,5,1.5,40000
2,8,10,120000
4,9,19,150000
2,7,6,70000
2,7,8,95000
3,9,21,180000
2,6,3,50000
2,7,11,95000
3,9,20,170000
2,5,2,40000
3,8,9,110000
4,9,15,150000
2,5,2,40000
2,7,8,85000
2,8,14,130000
3,8,6,100000
2,7,9,95000
4,9,22,180000
2,1,1.5,350
2,9,,
2,8,10,120000
4,9,18,160000
2,6,3,50000
2,8,12,110000
2,5,1.5,40000
2,7,8,95000
3,8,15,140000
2,6,4,60000
2,8,9,110000
4,9,16,150000
2,6,4,60000
2,7,8,90000
3,9,20,180000
2,5,2,40000
2,8,9,120000
4,9,17,160000
2,7,5,70000
2,7,8,95000
3,9,21,180000
2,6,3,50000
2,7,11,95000
3,9,19,170000
2,5,1.5,35000
2,8,9,100000
4,9,15,150000
2,6,4,60000
2,7,8,85000
2,8,13,130000
2,6,4,65000
2,8,10,110000
4,9,21,180000
2,5,2,40000
2,7,7,90000
3,8,14,140000
2,6,4,60000
2,8,12,130000
4,9,16,160000
2,5,2,40000
2,8,9,100000
3,9,20,180000
2,6,3,55000
2,8,9,120000
4,9,16,150000
2,7,5,70000
2,7,8,95000
3,9,21,180000
2,6,3,50000
2,8,12,120000
3,9,19,170000
2,5,1.5,35000
2,8,9,100000
4,9,15,150000
2,6,4,60000
2,7,8,85000
2,8,13,130000
3,7,6,80000
2,7,8,95000
2,5,2,40000
2,8,10,120000
3,9,16,160000
2,6,4,65000
2,8,12,130000
4,9,20,180000
2,5,2,40000
2,8,9,100000
4,9,15,150000
2,6,3,55000
2,8,10,110000
3,9,21,180000
2,6,3,50000
2,8,12,130000
4,9,16,160000
2,6,4,60000
2,7,8,95000
3,9,19,170000
2,5,2,40000
2,7,7,90000
4,9,15,150000
2,7,5,70000
2,7,8,90000
3,9,18,170000
2,6,3,50000
2,9,14,150000
4,9,16,160000
2,6,4,60000
2,7,8,85000
3,9,19,180000
2,5,1,35000
2,8,8,110000
4,9,16,160000
2,6,3,55000
2,8,10,110000
3,9,21,180000
2,6,3,50000
2,8,12,130000
4,9,16,160000
2,6,4,60000
2,7,8,95000
3,9,19,170000
2,5,2,40000
2,7,7,90000
4,9,15,150000
2,7,5,70000
2,7,8,90000
3,9,18,170000
2,6,3,50000
2,9,14,150000
4,9,16,160000
2,6,4,60000
2,7,8,85000
3,9,19,170000
2,5,2,40000
2,7,7,90000
4,9,15,150000
3,9,6,160000
2,8,3,125000
3,8,2,120000
2,8,2,110000
4,9,5,180000
2,8,4,140000
2,9,7,170000
3,8,1,100000
4,9,8,190000
2,9,6,155000
3,8,3,130000
2,8,5,145000
4,8,2,115000
2,8,4,140000
2,9,9,185000
3,8,1,100000
4,9,8,190000
2,9,6,155000
3,8,3,130000
2,8,5,145000
2,8,3,125000
3,8,2,120000
2,8,2,110000
4,9,5,180000
2,8,4,140000
2,9,7,170000
3,8,1,100000
4,9,8,190000
2,9,6,155000
3,8,3,130000
2,8,5,145000
4,8,2,115000
2,8,4,140000
2,9,9,185000
3,8,1,100000
4,9,8,190000
2,9,6,155000
3,8,3,130000
2,8,5,145000
2,8,3,125000
3,8,2,120000
2,8,2,110000
4,9,5,180000
2,8,4,140000
2,9,7,170000
3,8,1,100000
4,9,8,190000
2,9,6,155000
3,8,3,130000
2,8,5,145000
4,8,2,115000
2,8,4,140000
2,9,9,185000
3,8,1,100000
4,9,8,190000
2,9,6,155000
3,8,3,130000
2,8,5,145000
2,8,3,125000
3,8,2,120000
2,8,2,110000
4,9,5,180000
2,8,4,140000
2,9,7,170000
3,8,1,100000
4,9,8,190000
2,9,6,155000
3,8,3,130000
2,8,5,145000
4,8,2,115000
2,8,4,140000
2,9,9,185000
3,8,1,100000
4,9,8,190000
2,9,6,155000
3,8,3,130000
2,8,5,145000
4,8,2,115000
2,8,4,140000
2,9,9,185000
3,8,1,100000
4,9,8,190000
2,9,6,155000
3,8,3,130000
2,8,5,145000
2,8,3,125000
3,8,2,120000
2,8,2,110000
4,9,5,180000
2,8,4,140000
2,9,7,170000
3,8,1,100000
4,9,8,190000
2,9,6,155000
3,8,3,130000
2,8,5,145000
4,8,2,115000
2,8,4,140000
2,9,9,185000
3,8,1,100000
4,9,8,190000
2,9,6,155000
3,8,3,130000
2,8,5,145000
4,8,2,115000
2,8,4,140000
2,9,9,185000
3,8,1,100000
4,9,8,190000
2,9,6,155000
3,8,3,130000
2,8,5,145000
4,8,2,115000
2,8,4,140000
2,9,9,185000
3,8,1,100000
4,9,8,190000
2,9,6,155000
3,8,3,130000
2,8,5,145000
4,8,2,115000
2,8,4,140000
2,9,9,185000
3,8,1,100000
4,9,8,190000
2,9,6,155000
3,8,3,130000
2,8,5,145000
4,8,2,115000
2,8,4,140000
2,9,9,185000
2,8,3,130000
3,9,6,180000
2,9,8,190000
2,9,4,150000
2,7,1,90000
3,9,9,195000
2,9,5,160000
3,9,11,198000
2,8,2,110000
4,9,7,185000
2,8,4,140000
3,9,12,196000
2,7,1,95000
4,9,10,193000
2,9,6,175000
2,9,5,160000
2,8,3,130000
3,9,6,180000
2,9,5,160000
3,9,11,198000
2,7,1,90000
4,9,7,185000
2,8,4,140000
3,9,12,196000
2,8,2,110000
3,9,6,180000
2,9,8,190000
2,9,4,150000
2,9,9,195000
2,9,5,160000
3,9,11,198000
2,8,3,130000
4,9,7,185000
2,8,4,140000
3,9,12,196000
2,8,2,110000
2,9,8,190000
3,9,6,180000
2,9,5,160000
3,9,11,198000
2,7,1,90000
4,9,9,195000
2,9,5,160000
2,9,4,150000
2,8,3,130000
3,9,6,180000
2,9,8,190000
3,9,11,198000
2,8,2,110000
4,9,7,185000
2,8,4,140000
3,9,12,196000
2,9,9,195000
2,9,5,160000
2,8,3,130000
3,9,6,180000
2,9,8,190000
3,9,11,198000
2,7,1,90000
2,8,4,140000
2,8,2,110000
4,9,7,185000
2,9,9,195000
2,9,5,160000
2,8,3,130000
3,9,6,180000
2,9,8,190000
3,9,11,198000
2,7,1,90000
2,8,4,140000
2,8,2,110000
4,9,7,185000
2,9,9,195000
2,9,5,160000
2,8,3,130000
3,9,6,180000
2,9,8,190000
3,9,11,198000
2,7,1,90000
2,8,4,140000
2,8,2,110000
4,9,7,185000
2,9,9,195000
2,9,5,160000
2,8,3,130000
3,9,6,180000
2,9,8,190000
3,9,11,198000
2,7,1,90000
2,8,4,140000
2,8,2,125000
3,9,6,175000
2,9,8,190000
2,9,4,150000
2,7,1,95000
3,9,9,195000
2,9,5,160000
3,9,11,198000
2,8,3,130000
4,9,7,185000
2,8,4,140000
3,9,12,196000
2,7,1,90000
4,9,10,193000
2,9,6,170000
2,9,5,160000
2,8,3,135000
3,9,6,180000
2,9,5,160000
3,9,11,198000
2,7,1,90000
4,9,7,185000
2,8,4,140000
3,9,12,196000
2,8,2,115000
3,9,6,180000
2,9,8,190000
2,9,4,150000
2,9,9,195000
2,9,5,160000
3,9,11,198000
2,8,3,130000
4,9,7,185000
2,8,4,140000
3,9,12,196000
2,8,2,110000
2,9,8,190000
3,9,6,180000
2,9,5,160000
3,9,11,198000
2,7,1,90000
4,9,9,195000
2,9,5,160000
2,9,4,150000
2,8,3,130000
3,9,6,180000
2,9,8,190000
3,9,11,198000
2,8,2,110000
4,9,7,185000
2,8,4,140000
3,9,12,196000
2,9,9,195000
2,9,5,160000
2,8,3,130000
3,9,6,180000
2,9,8,190000
3,9,11,198000
2,7,1,90000
2,8,4,140000
2,8,2,110000
4,9,7,185000
2,9,9,195000
2,9,5,160000
2,8,3,130000
3,9,6,180000
2,9,8,190000
3,9,11,198000
2,7,1,90000
2,8,4,140000
2,8,2,110000
4,9,7,185000
2,9,9,195000
2,9,5,160000
2,8,3,130000
3,9,6,180000
2,9,8,190000
3,9,11,198000
2,7,1,90000
2,8,4,140000
2,7,1,90000
3,9,4,150000
2,9,8,190000
2,8,3,125000
2,8,2,110000
3,9,7,180000
2,9,5,160000
3,9,10,195000
2,8,3,130000
4,9,6,170000
2,8,4,140000
3,9,11,196000
2,7,1,92000
4,9,9,195000
2,9,6,170000
2,9,5,160000
2,8,3,135000
3,9,6,180000
2,9,5,165000
3,9,11,198000
2,7,1,95000
4,9,7,185000
2,8,4,140000
3,9,12,196000
2,8,2,115000
3,9,6,180000
2,9,8,190000
2,9,4,150000
2,9,9,195000
2,9,5,160000
3,9,11,198000
2,8,3,130000
4,9,7,185000
2,8,4,140000
3,9,12,196000
2,8,2,110000
2,9,8,190000
3,9,6,180000
2,9,5,160000
3,9,11,198000
2,7,1,90000
4,9,9,195000
2,9,5,160000
2,9,4,150000
2,8,3,130000
3,9,6,180000
2,9,8,190000
3,9,11,198000
2,8,2,110000
4,9,7,185000
2,8,4,140000
3,9,12,196000
2,9,9,195000
2,9,5,160000
2,8,3,130000
3,9,6,180000
2,9,8,190000
3,9,11,198000
2,7,1,90000
2,8,4,140000
2,8,2,110000
4,9,7,185000
2,9,9,195000
2,9,5,160000
2,8,3,130000
3,9,6,180000
2,9,8,190000
3,9,11,198000
2,7,1,90000
2,8,4,140000
2,8,2,110000
4,9,7,185000
2,9,9,195000
2,9,5,160000
2,8,3,130000
3,9,6,180000
2,9,8,190000
3,9,11,198000
2,7,1,90000
2,8,4,140000
2,8,2,110000
4,9,7,185000
2,9,9,195000
2,9,5,160000
2,8,3,130000
3,9,6,180000
2,9,8,190000
3,9,11,198000
2,7,1,90000
2,8,4,140000
2,8,2,110000
4,9,7,185000
2,9,9,195000
2,9,5,160000
2,8,3,130000
3,9,6,180000
2,9,8,190000
3,9,11,198000
2,7,1,90000
2,8,4,140000
2,8,2,110000
4,9,7,185000
2,9,9,195000
2,9,5,160000
2,8,3,130000
3,9,6,180000
2,9,8,190000
3,9,11,198000
2,7,1,90000
2,8,4,140000
2,8,2,110000
4,9,7,185000
2,9,9,195000
2,9,5,160000
2,8,3,130000
3,9,6,180000
2,9,8,190000
3,9,11,198000
2,7,1,90000
2,8,4,140000
2,8,2,110000
4,9,7,185000
2,9,9,195000
2,9,5,160000
2,8,3,130000
3,9,6,180000
2,9,8,190000
3,9,11,198000
2,7,1,90000
2,8,4,140000
2,8,2,110000
4,9,7,185000
2,9,9,195000
2,9,5,160000
2,8,3,135000
2,9,8,190000
3,9,6,180000
2,9,5,160000
2,7,1,95000
3,9,11,196000
2,8,4,140000
2,8,3,130000
4,9,7,185000
2,9,9,195000
2,9,5,160000
2,8,3,130000
4,9,7,185000
2,9,4,150000
2,7,1,90000
3,9,11,198000
2,8,2,115000
2,9,5,165000
2,8,3,130000
3,9,6,180000
2,9,8,190000
3,9,11,198000
2,8,4,140000
3,9,6,180000
2,9,5,160000
2,7,1,92000
2,9,5,160000
2,8,3,130000
2,9,8,190000
3,9,11,198000
2,8,2,110000
4,9,7,185000
2,8,4,140000
3,9,12,196000
2,9,9,195000
2,9,5,160000
2,8,3,130000
3,9,6,180000
2,9,8,190000
3,9,11,198000
2,7,1,90000
2,8,4,140000
2,8,2,110000
4,9,7,185000
2,9,9,195000
2,9,5,160000
2,8,3,130000
3,9,6,180000
2,9,8,190000
3,9,11,198000
2,7,1,90000
2,8,4,140000
2,8,2,110000
4,9,7,185000
2,9,9,195000
2,9,5,160000
2,8,3,130000
3,9,6,180000
2,9,8,190000
3,9,11,198000
2,7,1,90000
2,8,4,140000
2,8,2,110000
4,9,7,185000
2,9,9,195000
2,9,5,160000
2,8,3,130000
3,9,6,180000
2,9,8,190000
3,9,11,198000
2,7,1,90000
2,8,4,140000
2,8,2,110000
4,9,7,185000
2,9,9,195000
2,9,5,160000
2,8,3,130000
3,9,6,180000
2,9,8,190000
3,9,11,198000
2,7,1,90000
2,8,4,140000
2,8,2,110000
4,9,7,185000
2,9,9,195000
2,9,5,160000
2,8,3,130000
3,9,6,180000
2,9,8,190000
3,9,11,198000
2,7,1,90000
2,8,4,140000
2,8,2,110000
4,9,7,185000
2,9,9,195000
2,9,5,160000
2,8,3,130000
3,9,6,180000
2,9,8,190000
3,9,11,198000
2,7,1,90000
2,8,4,140000
2,8,2,110000
4,9,7,185000
2,9,9,195000
2,9,5,160000
2,8,3,130000
3,9,6,180000
2,9,8,190000
3,9,11,198000
2,7,1,90000
2,8,4,140000
2,8,2,110000
4,9,7,185000
2,9,9,195000
2,9,5,160000
2,8,3,130000
3,9,6,180000
2,9,8,190000
3,9,11,198000
2,7,1,90000
2,8,4,140000
2,8,2,110000
4,9,7,185000
2,9,9,195000
2,9,5,160000
2,8,3,130000
3,9,6,180000
2,9,8,190000
3,9,11,198000
2,7,1,90000
2,8,4,140000
2,8,2,110000
4,9,7,185000
2,8,5,135000
3,9,3,180000
2,9,12,195000
2,9,8,165000
3,9,15,198000
2,9,4,150000
2,9,9,162000
3,9,6,175000
2,9,13,197000
2,8,7,142000
3,9,4,182000
2,9,11,185000
2,9,8,170000
2,9,4,160000
2,9,8,180000
3,9,6,150000
2,8,5,140000
2,8,2,100000
3,9,11,190000
2,9,4,160000
2,8,3,120000
4,9,7,170000
2,9,9,190000
2,9,5,150000
2,8,3,120000
4,9,7,170000
2,8,4,130000
2,7,2,95000
3,9,11,195000
2,8,2,100000
2,9,5,150000
2,8,3,120000
3,9,6,150000
2,9,8,180000
3,9,11,195000
2,9,4,160000
3,9,6,170000
2,8,5,140000
2,7,2,95000
2,9,5,150000
2,8,3,120000
2,9,8,180000
3,9,11,195000
2,8,2,100000
4,9,7,170000
2,9,4,160000
3,9,12,190000
2,9,9,190000
2,9,5,150000
2,8,3,120000
3,9,6,150000
2,9,8,180000
3,9,11,195000
2,7,2,95000
2,9,4,160000
2,8,2,100000
4,9,7,170000
2,9,9,190000
2,9,5,150000
2,8,3,120000
3,9,6,150000
2,9,8,180000
3,9,11,195000
2,7,2,95000
2,9,4,160000
2,8,2,100000
4,9,7,170000
2,9,9,190000
2,9,5,150000
2,8,3,120000
3,9,6,150000
2,9,8,180000
3,9,11,195000
2,7,2,95000
2,9,4,160000
2,8,2,100000
4,9,7,170000
2,9,9,190000
2,9,5,150000
2,8,3,120000
3,9,6,150000
2,9,8,180000
3,9,11,195000
2,7,2,95000
2,9,4,160000
2,8,2,100000
4,9,7,170000
2,9,9,190000
2,9,5,150000
2,8,3,120000
3,9,6,150000
2,9,8,180000
3,9,11,195000
2,7,2,95000
2,9,4,160000
2,8,2,100000
4,9,7,170000
2,9,9,190000
2,9,5,150000
2,8,3,120000
3,9,6,150000
2,9,8,180000
3,9,11,195000
2,7,2,95000
2,9,4,160000
2,8,2,100000
4,9,7,170000
2,9,9,190000
2,9,5,150000
2,8,3,120000
3,9,6,150000
2,9,8,180000
3,9,11,195000
2,7,2,95000
2,9,4,160000
2,8,2,100000
4,9,7,170000
2,9,9,190000
2,9,5,150000
2,8,3,120000
3,9,6,150000
2,9,8,180000
3,9,11,195000
2,7,2,95000
2,9,4,160000
2,8,2,100000
4,9,7,170000
2,9,9,190000
2,9,5,150000
2,8,3,120000
3,9,6,150000
2,9,8,180000
3,9,11,195000
2,7,2,95000
2,9,4,160000
2,8,2,100000
4,9,7,170000
2,9,9,190000
2,9,5,150000
2,8,3,120000
3,9,6,150000
2,9,8,180000
3,9,11,195000
2,7,2,95000
2,9,4,160000
2,8,2,100000
4,9,7,170000
2,9,7,180000
2,8,5,120000
3,9,10,195000
2,9,4,160000
2,8,3,100000
2,9,8,190000
3,9,6,170000
2,9,9,185000
2,8,7,130000
2,9,12,190000
2,9,5,150000
3,9,6,150000
4,9,14,195000
2,8,3,110000
2,9,8,180000
3,9,9,185000
2,8,7,130000
2,9,10,190000
3,9,6,155000
2,9,12,195000
2,7,2,90000
2,9,8,185000
2,8,6,120000
2,9,9,180000
2,8,3,100000
3,9,10,195000
2,9,4,160000
2,8,5,125000
3,9,6,170000
2,9,9,185000
2,8,7,130000
2,9,12,190000
2,9,5,150000
3,9,6,150000
4,9,14,195000
2,8,3,110000
2,9,8,180000
3,9,9,185000
2,8,7,130000
2,9,10,190000
3,9,6,155000
2,9,12,195000
2,7,2,90000
2,9,8,185000
2,8,6,120000
2,9,9,180000
2,8,3,100000
3,9,10,195000
2,9,4,160000
2,8,5,125000
3,9,6,170000
2,9,9,185000
2,8,7,130000
2,9,12,190000
2,9,5,150000
3,9,6,150000
4,9,14,195000
2,8,3,110000
2,9,8,180000
3,9,9,185000
2,8,7,130000
2,9,10,190000
3,9,6,155000
2,9,12,195000
2,7,2,90000
2,9,8,185000
2,8,6,120000
2,9,9,180000
2,8,3,100000
3,9,10,195000
2,9,4,160000
2,8,5,125000
3,9,6,170000
2,9,9,185000
2,8,7,130000
2,9,12,190000
2,9,5,150000
3,9,6,150000
4,9,14,195000
2,8,3,110000
2,9,8,180000
3,9,9,185000
2,8,7,130000
2,9,10,190000
3,9,6,155000
2,9,12,195000
2,7,2,90000
2,9,8,185000
2,8,6,120000
2,9,9,180000
2,8,3,100000
3,9,10,195000
2,9,4,160000
2,8,5,125000
3,9,6,170000
2,9,9,185000
2,8,7,130000
2,9,12,190000
2,9,5,150000
3,9,6,150000
4,9,14,195000
2,8,3,110000
2,9,8,180000
3,9,9,185000
2,8,7,130000
2,9,10,190000
3,9,6,155000
2,9,12,195000
2,7,2,90000
2,9,8,185000
2,9,7,175000
4,9,18,190000
3,8,5,110000
4,9,16,195000
3,8,3,100000
2,6,1,60000
3,9,8,155000
4,9,12,175000
3,9,13,180000
2,7,4,95000
4,10,20,200000
3,9,11,165000
3,8,9,145000
4,9,19,195000
2,7,2,75000
3,7,3,90000
3,9,9,155000
2,8,5,115000
3,9,12,170000
4,9,16,190000
2,8,4,115000
4,9,14,180000
4,9,18,195000
3,8,7,140000
4,10,19,200000
3,7,2,70000
3,9,11,170000
4,9,14,185000
3,8,8,140000
4,9,15,185000
4,9,15,185000
4,9,15,180000
4,9,14,175000
2,7,2,70000
2,6,1,60000
4,10,20,200000
4,9,14,170000
3,9,11,165000
2,6,1,55000
4,9,17,190000
3,7,3,90000
2,8,5,105000
3,8,6,130000
4,9,16,185000
3,6,1,60000
4,9,17,195000
2,6,1,60000
3,9,8,150000
4,9,13,180000
3,9,12,170000
3,8,6,125000
4,9,15,185000
2,7,3,90000
2,7,3,80000
2,7,3,85000
4,9,16,190000
3,9,11,160000
4,10,19,200000
4,9,17,195000
4,9,18,195000
4,9,14,190000
3,7,3,95000
2,6,1,55000
4,9,13,185000
3,8,5,120000
4,9,16,195000
4,9,14,175000
3,7,2,75000
4,10,17,200000
3,9,12,160000
4,9,12,175000
2,7,2,70000
4,9,15,180000
2,6,1,60000
4,9,16,190000
2,8,5,120000
4,10,20,200000
4,9,14,185000
4,9,16,190000
4,9,18,195000
4,9,14,170000
2,6,1,55000
3,8,6,130000
4,9,14,180000
4,9,14,185000
2,6,1,55000
3,8,9,145000
3,9,12,170000
4,9,17,195000
3,9,10,155000
3,8,6,125000
4,9,14,180000
2,7,4,95000
3,9,11,170000
3,8,3,100000
4,9,14,175000
2,7,3,80000
4,9,18,195000
3,9,10,155000
3,8,6,125000
3,8,4,110000
3,8,6,130000
4,9,16,190000
4,10,20,200000
4,10,19,200000
3,9,9,150000
3,8,7,140000
4,9,17,195000
4,9,17,195000
2,6,1,55000
4,9,15,185000
3,8,5,120000
4,9,16,190000
3,8,6,130000
4,9,16,190000
3,8,6,130000
3,8,7,140000
2,7,2,70000
3,9,11,170000
4,9,17,190000
2,7,3,80000
4,9,14,180000
3,7,2,70000
4,9,14,185000
2,6,1,55000
3,8,8,140000
4,9,14,170000
3,8,6,130000
4,9,13,180000
2,7,4,95000
2,7,2,70000
3,9,12,165000
4,9,13,185000
3,8,7,140000
2,6,1,60000
2,7,3,80000
3,9,9,150000
4,9,14,185000
2,7,2,70000
3,7,3,90000
4,9,12,170000
4,9,14,170000
4,9,16,190000
3,7,2,70000
4,9,15,185000
4,9,12,170000
3,8,3,100000
3,9,10,155000
3,9,12,170000
4,9,18,195000
4,9,15,185000
2,7,2,70000
4,9,16,190000
3,8,7,140000
2,6,1,60000
4,9,16,190000
4,9,14,180000
3,8,6,130000
4,9,14,170000
4,9,12,165000
4,9,13,185000
3,8,6,130000
2,6,1,60000
3,9,11,170000
3,8,7,140000
3,8,4,110000
2,7,2,70000
3,8,9,145000
4,9,16,190000
4,10,17,200000
2,7,3,80000
2,7,4,95000
3,8,3,100000
4,9,17,195000
4,9,15,185000
3,9,10,155000
4,9,18,195000
3,8,6,125000
4,9,17,195000
3,8,7,140000
4,9,14,170000
3,9,11,170000
3,9,9,150000
2,6,1,60000
2,7,2,70000
4,9,14,170000
2,6,1,55000
2,7,3,80000
4,9,13,185000
3,8,7,140000
4,9,13,180000
3,7,2,70000
4,9,15,185000
4,9,16,190000
3,8,6,130000
3,8,4,110000
4,9,14,180000
3,8,9,145000
4,9,14,170000
4,9,12,165000
3,8,7,140000
4,9,17,195000
3,9,10,155000
4,9,16,190000
4,9,17,195000
3,8,6,130000
2,7,3,85000
4,10,18,200000
3,8,8,140000
2,6,2,65000
4,9,16,190000
3,8,6,120000
2,7,3,80000
3,7,3,90000
4,9,16,190000
4,10,18,200000
4,9,16,190000
3,8,4,110000
4,9,14,180000
3,6,2,65000
4,9,14,185000
2,6,1,55000
3,8,7,130000
4,9,16,190000
3,8,5,120000
3,9,10,155000
4,9,16,190000
3,8,3,100000
3,9,9,150000
3,9,12,170000
2,7,3,80000
3,9,10,155000
4,9,17,195000
4,9,15,185000
2,7,2,70000
4,9,16,190000
3,8,7,140000
2,6,1,55000
4,9,16,190000
4,9,14,180000
3,8,6,130000
4,9,14,170000
4,9,12,165000
4,9,13,185000
3,8,6,130000
2,6,1,60000
3,9,11,170000
3,8,7,140000
3,8,4,110000
2,7,2,70000
3,8,9,145000
4,9,16,190000
4,10,17,200000
2,7,3,80000
2,7,4,95000
3,8,3,100000
4,9,17,195000
4,9,15,185000
3,9,10,155000
4,9,18,195000
3,8,6,125000
4,9,17,195000
3,8,7,140000
4,9,14,170000
3,9,11,170000
3,9,9,150000
2,6,1,60000
2,7,2,70000
4,9,14,170000
2,6,1,55000
2,7,3,80000
4,9,13,185000
3,8,7,140000
4,9,13,180000
3,7,2,70000
4,9,15,185000
4,9,16,190000
3,8,6,125000
4,9,12,160000
3,8,8,140000
4,9,17,195000
2,7,2,70000
2,7,2,70000
3,9,11,170000
4,9,13,185000
4,9,17,195000
3,8,6,130000
3,9,10,155000
4,9,15,185000
2,7,3,80000
4,9,17,195000
3,8,7,135000
2,6,1,55000
4,9,16,190000
3,7,2,70000
4,9,13,185000
3,9,11,170000
3,9,9,150000
4,9,17,195000
2,7,2,70000
4,9,17,195000
3,8,6,125000
4,9,15,185000
3,7,2,70000
3,9,10,155000
2,7,3,80000
4,9,13,185000
4,9,16,190000
3,9,11,170000
4,9,17,195000
3,9,9,150000
2,7,2,70000
3,7,2,70000
4,9,15,185000
3,8,7,135000
2,7,3,80000
4,9,17,195000
3,9,10,155000
3,9,11,170000
4,9,13,185000
2,7,2,70000
4,9,16,190000
3,8,6,125000
4,9,17,195000
3,9,9,150000
2,7,2,70000
3,7,2,70000
2,7,5,95000
3,9,12,170000
2,7,2,75000
4,10,18,210000
3,8,7,135000
4,9,12,160000
2,6,1,55000
4,9,16,190000
4,9,11,165000
2,7,3,80000
2,8,6,120000
4,9,15,185000
4,9,13,185000
4,9,16,190000
3,8,8,140000
3,8,6,130000
3,7,2,70000
3,9,11,170000
3,8,6,125000
3,9,10,155000
2,7,2,70000
4,9,17,195000
3,8,7,140000
3,8,6,130000
3,9,10,155000
4,9,16,190000
2,7,2,70000
2,7,3,80000
4,9,13,185000
3,8,3,100000
4,9,15,185000
4,9,16,190000
3,8,7,135000
4,9,12,160000
2,6,1,55000
2,7,3,80000
4,9,14,170000
2,6,1,55000
2,7,3,80000
4,9,13,185000
3,8,7,140000
4,9,13,180000
3,7,2,70000
4,9,15,185000
4,9,16,190000
3,8,6,125000
4,9,12,160000
3,8,8,140000
4,9,17,195000
2,7,2,70000
2,7,2,70000
3,9,11,170000
4,9,13,185000
4,9,17,195000
3,8,6,130000
3,9,10,155000
4,9,15,185000
2,7,3,80000
4,9,17,195000
3,8,7,135000
2,6,1,55000
4,9,16,190000
3,7,2,70000
4,9,13,185000
3,9,11,170000
3,9,9,150000
4,9,17,195000
2,7,2,70000
4,9,17,195000
3,8,6,125000
4,9,15,185000
4,9,17,195000
2,7,3,80000
4,9,14,170000
3,9,10,155000
4,9,13,185000
2,7,2,70000
3,8,7,140000
4,9,17,195000
3,8,8,140000
3,7,2,70000
4,9,15,185000
4,9,16,190000
3,8,7,135000
4,9,12,160000
2,6,1,55000
2,7,3,80000
4,9,13,185000
3,8,3,100000
4,9,15,185000
4,9,16,190000
3,8,6,125000
4,9,12,160000
3,8,8,140000
4,9,17,195000
2,7,2,70000
2,7,2,70000
3,9,11,170000
4,9,13,185000
4,9,17,195000
3,8,6,130000
3,9,10,155000
4,9,15,185000
2,7,3,80000
4,9,17,195000
3,8,7,135000
2,6,1,55000
4,9,16,190000
3,7,2,70000
4,9,13,185000
3,9,11,170000
3,9,9,150000
4,9,17,195000
2,7,2,70000
4,9,17,195000
3,8,6,125000
4,9,15,185000
4,9,17,195000
2,7,3,80000
4,9,14,170000
3,9,10,155000
2,8,7,120000
3,7,3,90000
4,9,14,180000
2,8,7,130000
4,9,12,170000
2,7,2,70000
4,10,18,210000
3,6,1,55000
4,9,16,190000
4,9,11,165000
3,8,5,105000
3,9,11,160000
2,8,6,110000
4,9,17,195000
2,7,3,85000
4,9,14,180000
2,6,1,55000
4,9,13,185000
2,8,8,140000
3,7,3,90000
4,9,12,160000
2,8,8,145000
4,9,13,185000
3,8,5,105000
2,8,6,110000
4,10,18,210000
3,6,1,55000
4,9,16,190000
4,9,11,165000
3,8,5,105000
3,9,11,160000
2,8,6,110000
4,9,17,195000
2,7,3,85000
4,9,14,180000
2,6,1,55000
4,9,13,185000
2,8,8,140000
3,7,3,90000
4,9,12,160000
2,8,8,145000
4,9,13,185000
3,8,5,105000
2,8,6,110000
4,10,18,210000
3,6,1,55000
4,9,16,190000
4,9,11,165000
3,8,5,105000
3,9,11,160000
2,8,6,110000
4,9,17,195000
2,7,3,85000
4,9,14,180000
2,6,1,55000
4,9,13,185000
2,8,8,140000
3,7,3,90000
4,9,12,160000
2,8,8,145000
4,9,13,185000
3,8,5,105000
2,8,6,110000
4,10,18,210000
3,6,1,55000
4,9,16,190000
4,9,11,165000
3,8,5,105000
3,9,11,160000
2,8,6,110000
4,9,17,195000
2,7,3,85000
4,9,14,180000
2,6,1,55000
4,9,13,185000
2,8,8,140000
3,7,3,90000
4,9,12,160000
2,8,8,145000
4,9,13,185000
3,8,5,105000
2,8,6,110000
4,10,18,210000
3,6,1,55000
4,9,16,190000
4,9,11,165000
3,8,5,105000
3,9,11,160000
2,8,6,110000
4,9,17,195000
2,7,3,85000
4,9,14,180000
2,6,1,55000
4,9,13,185000
2,8,8,140000
3,7,3,90000
4,9,12,160000
2,8,8,145000
4,9,13,185000
3,8,5,105000
2,8,6,110000
4,10,18,210000
3,6,1,55000
4,9,16,190000
4,9,11,165000
3,8,5,105000
3,9,11,160000
2,8,6,110000
4,9,17,195000
2,7,3,85000
4,9,14,180000
2,6,1,55000
4,9,13,185000
2,8,8,140000
3,7,3,90000
4,9,12,160000
2,8,8,145000
4,9,13,185000
3,8,5,105000
2,8,6,110000
4,10,18,210000
2,8,6,115000
3,9,13,170000
2,7,3,80000
4,10,19,200000
3,8,7,130000
2,9,11,155000
2,8,5,105000
4,9,14,190000
3,8,8,140000
4,9,16,185000
2,8,8,145000
3,7,4,90000
4,9,18,195000
2,7,4,95000
3,9,13,170000
2,8,6,115000
4,9,16,185000
2,6,2,65000
3,9,12,160000
2,8,5,100000
4,9,15,180000
2,6,1,55000
4,9,14,190000
2,8,6,115000
4,9,17,195000
3,9,9,150000
2,8,6,115000
4,9,16,185000
2,6,2,65000
3,9,12,160000
2,8,5,100000
4,9,15,180000
2,6,1,55000
4,9,14,190000
2,8,6,115000
4,9,17,195000
3,9,9,150000
2,8,6,115000
4,9,16,185000
2,6,2,65000
3,9,12,160000
2,8,5,100000
4,9,15,180000
2,6,1,55000
4,9,14,190000
2,8,6,115000
4,9,17,195000
3,9,9,150000
2,8,6,115000
4,9,16,185000
2,6,2,65000
3,9,12,160000
2,8,5,100000
4,9,15,180000
2,6,1,55000
4,9,14,190000
2,8,6,115000
4,9,17,195000
3,9,9,150000
2,8,6,115000
4,9,16,185000
2,6,2,65000
3,9,12,160000
2,8,5,100000
4,9,15,180000
2,6,1,55000
4,9,14,190000
2,8,6,115000
4,9,17,195000
3,9,9,150000
2,8,6,115000
4,9,16,185000
2,6,2,65000
3,9,12,160000
2,8,5,100000
4,9,15,180000
2,6,1,55000
4,9,14,190000
2,8,6,115000
4,9,17,195000
3,9,9,150000
2,8,6,115000
4,9,16,185000
2,6,2,65000
3,9,12,160000
2,8,5,100000
4,9,15,180000
2,6,1,55000
4,9,14,190000
2,8,6,115000
4,9,17,195000
3,9,9,150000
2,8,6,115000
4,9,16,185000
2,6,2,65000
3,9,12,160000
2,8,5,100000
4,9,15,180000
2,6,1,55000
4,9,14,190000
2,8,6,115000
4,9,17,195000
3,9,9,150000
2,8,6,115000
4,9,16,185000
2,6,2,65000
3,9,12,160000
2,8,5,100000
4,9,15,180000
2,6,1,55000
4,9,14,190000
2,8,6,115000
4,9,17,195000
3,9,9,150000
2,8,6,115000
4,9,16,185000
2,6,2,65000
3,9,12,160000
2,8,5,100000
4,9,15,180000
2,1,1,550
2,7,4,90000
3,9,12,160000
2,7,3,80000
4,9,18,195000
3,8,6,115000
2,9,10,150000
2,6,2,65000
4,9,14,190000
3,8,8,140000
4,9,16,185000
2,8,7,130000
3,8,5,105000
4,10,19,200000
2,8,5,100000
3,9,13,170000
2,8,6,115000
4,9,16,185000
2,7,4,90000
3,9,12,160000
2,7,3,80000
4,9,17,195000
3,8,6,115000
2,8,8,135000
2,6,2,65000
4,9,14,190000
3,8,8,140000
4,9,16,185000
2,8,7,130000
3,8,5,105000
4,10,19,200000
2,8,5,100000
3,9,13,170000
2,8,6,115000
4,9,16,185000
2,7,4,90000
3,9,12,160000
2,7,3,80000
4,9,17,195000
3,8,6,115000
2,8,8,135000
2,6,2,65000
4,9,14,190000
3,8,8,140000
4,9,16,185000
2,8,7,130000
3,8,5,105000
4,10,19,200000
2,8,5,100000
3,9,13,170000
2,8,6,115000
4,9,16,185000
2,7,4,90000
3,9,12,160000
2,7,3,80000
4,9,17,195000
3,8,6,115000
2,8,8,135000
2,6,2,65000
4,9,14,190000
3,8,8,140000
4,9,16,185000
2,8,7,130000
3,8,5,105000
4,10,19,200000
2,8,5,100000
3,9,13,170000
2,8,6,115000
4,9,16,185000
2,7,4,90000
3,9,12,160000
2,7,3,80000
4,9,17,195000
3,8,6,115000
2,8,8,135000
2,6,2,65000
4,9,14,190000
3,8,8,140000
4,9,16,185000
2,8,7,130000
3,8,5,105000
4,10,19,200000
2,8,5,100000
3,9,13,170000
2,8,6,115000
4,9,16,185000
2,7,4,90000
3,9,12,160000
2,7,3,80000
4,9,17,195000
3,8,6,115000
2,8,8,135000
2,6,2,65000
4,9,14,190000
3,8,8,140000
4,9,16,185000
2,8,7,130000
3,8,5,105000
4,10,19,200000
2,8,5,100000
3,9,13,170000
2,8,6,115000
4,9,16,185000
2,7,4,90000
3,9,12,160000
2,7,3,80000
4,9,17,195000
3,8,6,115000
2,8,8,135000
2,6,2,65000
4,9,14,190000
3,8,8,140000
4,9,16,185000
2,8,7,130000
3,8,5,105000
4,10,19,200000
2,8,5,100000
3,9,13,170000
2,8,6,115000
4,9,16,185000
2,7,4,90000
2,8,7,100000
2,8,6,110000
3,9,10,150000
2,7,3,80000
4,9,18,195000
3,8,6,115000
2,8,8,135000
2,6,2,65000
4,9,14,190000
3,8,8,140000
4,9,16,185000
2,8,7,130000
3,8,5,105000
4,10,19,200000
2,8,5,100000
3,9,13,170000
2,8,6,115000
4,9,16,185000
2,7,4,90000
3,9,12,160000
2,7,3,80000
4,9,17,195000
3,8,6,115000
2,8,8,135000
2,6,2,65000
4,9,14,190000
3,8,8,140000
4,9,16,185000
2,8,7,130000
3,8,5,105000
4,10,19,200000
2,8,5,100000
3,9,13,170000
2,8,6,115000
4,9,16,185000
2,7,4,90000
3,9,12,160000
2,7,3,80000
4,9,17,195000
3,8,6,115000
2,8,8,135000
2,6,2,65000
4,9,14,190000
3,8,8,140000
4,9,16,185000
2,8,7,130000
3,8,5,105000
4,10,19,200000
2,8,5,100000
3,9,13,170000
2,8,6,115000
4,9,16,185000
2,7,4,90000
3,9,12,160000
2,7,3,80000
4,9,17,195000
3,8,6,115000
2,8,8,135000
2,6,2,65000
4,9,14,190000
3,8,8,140000
4,9,16,185000
2,8,7,130000
3,8,5,105000
4,10,19,200000
2,8,5,100000
3,9,13,170000
2,8,6,115000
4,9,16,185000
2,7,4,90000
3,9,12,160000
2,7,3,80000
4,9,17,195000
3,8,6,115000
2,8,8,135000
2,6,2,65000
4,9,14,190000
3,8,8,140000
4,9,16,185000
2,8,7,130000
3,8,5,105000
4,10,19,200000
2,8,5,100000
3,9,13,170000
2,8,6,115000
4,9,16,185000
2,7,4,90000
3,9,12,160000
2,7,3,80000
4,9,17,195000
3,8,6,115000
2,8,8,135000
2,6,2,65000
4,9,14,190000
3,8,8,140000
4,9,16,185000
2,8,7,130000
3,8,5,105000
4,10,19,200000
2,8,5,100000
3,9,13,170000
2,8,6,115000
4,9,16,185000
2,7,4,90000
3,9,12,160000
2,7,3,80000
4,9,17,195000
3,8,6,115000
2,8,8,135000
2,6,2,65000
4,9,14,190000
3,8,8,140000
4,9,16,185000
2,8,7,130000
3,8,5,105000
4,10,19,200000
2,8,5,100000
3,9,13,170000
2,8,6,115000
4,9,16,185000
2,7,4,90000
3,8,8,130000
2,7,3,80000
4,9,15,180000
3,8,8,140000
2,9,12,160000
2,6,2,55000
4,9,16,190000
3,8,7,120000
4,10,18,200000
2,8,5,100000
3,9,9,150000
2,9,11,170000
2,6,2,65000
4,10,19,210000
2,7,4,90000
3,9,14,180000
2,8,6,110000
3,9,10,150000
2,7,3,80000
4,9,18,195000
3,8,6,115000
2,8,8,135000
2,6,2,65000
4,9,14,190000
3,8,8,140000
4,9,16,185000
2,8,7,130000
3,8,5,105000
4,10,19,200000
2,8,5,100000
3,9,13,170000
2,8,6,115000
4,9,16,185000
2,7,4,90000
3,9,12,160000
2,7,3,80000
4,9,17,195000
3,8,6,115000
2,8,8,135000
2,6,2,65000
4,9,14,190000
3,8,8,140000
4,9,16,185000
2,8,7,130000
3,8,5,105000
4,10,19,200000
2,8,5,100000
3,9,13,170000
2,8,6,115000
4,9,16,185000
2,7,4,90000
3,9,12,160000
2,7,3,80000
4,9,17,195000
3,8,6,115000
2,8,8,135000
2,6,2,65000
4,9,14,190000
3,8,8,140000
4,9,16,185000
2,8,7,130000
3,8,5,105000
4,10,20,210000
2,7,6,95000
3,9,11,170000
2,6,2,65000
4,9,16,190000
3,8,7,120000
4,10,19,200000
2,8,5,100000
3,9,9,150000
2,9,11,170000
2,6,2,65000
4,10,19,210000
2,7,4,90000
3,9,14,180000
2,8,6,110000
3,9,10,150000
2,7,3,80000
4,9,18,195000
3,8,6,115000
2,8,8,135000
2,6,2,65000
4,9,14,190000
3,8,8,140000
4,9,16,185000
2,8,7,130000
3,8,5,105000
4,10,19,200000
2,8,5,100000
3,9,13,170000
2,8,6,115000
4,9,16,185000
2,7,4,90000
3,9,12,160000
2,7,3,80000
4,9,17,195000
3,8,6,115000
2,8,8,135000
2,6,2,65000
4,9,14,190000
3,8,8,140000
4,9,16,185000
2,8,7,130000
3,8,5,105000
4,10,19,200000
2,8,5,100000
3,9,13,170000
2,8,6,115000
4,9,16,185000
2,7,4,90000
3,9,12,160000
2,7,3,80000
4,9,17,195000
3,8,6,115000
2,8,8,135000
2,6,2,65000
4,9,14,190000
3,8,8,140000
2,7,4,75000
3,7,7,95000
2,6,1,50000
4,9,15,180000
2,6,3,65000
3,8,6,120000
3,6,2,60000
2,9,10,150000
2,7,3,70000
4,10,20,220000
3,8,8,100000
2,6,2,55000
4,9,12,170000
2,7,5,90000
2,7,4,80000
3,9,14,180000
2,6,2,60000
3,8,9,120000
2,7,3,70000
4,10,18,210000
3,8,9,140000
2,6,1,50000
3,8,7,110000
3,6,2,60000
2,9,11,160000
2,7,4,75000
4,10,16,200000
3,8,8,100000
2,6,2,55000
4,9,12,170000
2,7,5,90000
2,7,4,80000
3,9,14,180000
2,6,2,60000
3,8,9,120000
2,7,3,70000
4,10,18,210000
3,8,9,140000
2,6,1,50000
3,8,7,110000
3,6,2,60000
2,9,11,160000
2,7,4,75000
4,10,16,200000
3,8,8,100000
2,6,2,55000
4,9,12,170000
2,7,5,90000
2,7,4,80000
3,9,14,180000
2,6,2,60000
3,8,9,120000
2,7,3,70000
4,10,18,210000
3,8,9,140000
2,6,1,50000
3,8,7,110000
3,6,2,60000
2,9,11,160000
2,7,4,75000
4,10,16,200000
3,8,8,100000
2,6,2,55000
4,9,12,170000
2,7,5,90000
2,7,4,80000
3,9,14,180000
2,6,2,60000
3,8,9,120000
2,7,3,70000
4,10,18,210000
3,8,9,140000
2,6,1,50000
3,8,7,110000
3,6,2,60000
2,9,11,160000
2,7,4,75000
4,10,16,200000
3,8,8,100000
2,6,2,55000
4,9,12,170000
2,7,5,90000
2,7,4,80000
3,9,14,180000
2,6,2,60000
3,8,9,120000
2,7,3,70000
4,10,18,210000
3,8,9,140000
2,6,1,50000
3,8,7,110000
3,6,2,60000
2,9,11,160000
2,7,4,75000
4,10,16,200000
3,8,8,100000
2,6,2,55000
4,9,12,170000
2,7,5,90000
2,7,4,80000
3,9,14,180000
2,6,2,60000
3,8,9,120000
2,7,3,70000
4,10,18,210000
3,8,9,140000
2,6,1,50000
3,8,7,110000
3,6,2,60000
2,9,11,160000
2,7,4,75000
4,10,16,200000
3,8,8,100000
2,6,2,55000
4,9,12,170000
2,7,5,90000
2,7,4,80000
3,9,14,180000
2,6,2,60000
3,8,9,120000
2,7,3,70000
4,10,18,210000
3,8,9,140000
2,6,1,50000
2,8,8,122485
4,9,12,169159
3,9,21,187081
1,9,31,166109
3,7,5,78354
2,7,2,90249
3,8,6,132720
4,9,23,161568
3,8,13,127346
2,8,19,120177
1,6,2,69032
3,8,8,101332
4,8,30,121450
2,9,12,166375
3,9,21,185119
2,8,10,149217
3,9,21,166512
3,9,28,186963
2,7,3,75072
3,9,10,163398
1,8,11,103947
4,9,33,179180
2,9,23,175966
3,9,27,190004
3,9,10,152039
3,7,5,76742
4,9,33,191790
2,8,20,139398
1,7,7,95845
3,9,12,160976
3,8,9,126753
3,9,14,161393
3,8,8,139817
4,9,25,181714
2,8,10,114776
3,8,6,105725
1,6,1,52731
3,8,8,106492
2,7,4,73895
4,8,1,119836
3,7,5,99747
2,9,25,168287
3,8,7,115920
3,8,11,128078
2,6,1,51265
1,9,22,165919
4,9,34,188651
3,6,0,55538
2,9,28,193964
3,8,4,104702
4,9,19,172955
3,8,16,138032
2,7,4,82683
3,9,17,155414
1,9,25,154207
3,8,8,107895
2,8,18,148446
3,8,4,102859
4,8,13,138662
2,9,23,181699
3,9,33,188232
1,6,0,51832
4,9,28,188484
3,8,16,138286
2,9,22,181132
3,7,4,73938
2,8,14,119224
3,8,6,101186
3,8,14,142360
2,9,20,151315
4,9,23,181021
3,8,15,134641
2,9,23,173851
1,8,8,104127
3,9,25,178859
4,7,5,98568
2,8,9,104661
3,8,13,134858
2,7,10,94502
1,6,2,62852
2,8,8,122485
4,9,12,169159
3,9,21,187081
1,9,31,166109
3,7,5,78354
2,7,2,90249
3,8,6,132720
4,9,23,161568
3,8,13,127346
2,8,19,120177
1,6,2,69032
3,8,8,101332
4,8,30,121450
2,9,12,166375
3,9,21,185119
2,8,10,149217
3,9,21,166512
3,9,28,186963
2,7,3,75072
3,9,10,163398
1,8,11,103947
4,9,33,179180
2,9,23,175966
3,9,27,190004
3,9,10,152039
3,7,5,76742
4,9,33,191790
2,8,20,139398
1,7,7,95845
3,9,12,160976
3,8,9,126753
3,9,14,161393
3,8,8,139817
4,9,25,181714
2,8,10,114776
3,8,6,105725
1,6,1,52731
3,8,8,106492
2,7,4,73895
4,8,1,119836
3,7,5,99747
2,9,25,168287
3,8,7,115920
3,8,11,128078
2,6,1,51265
1,9,22,165919
4,9,34,188651
3,6,0,55538
2,9,28,193964
3,8,4,104702
4,9,19,172955
3,8,16,138032
2,7,4,82683
3,9,17,155414
1,9,25,154207
3,8,8,107895
2,8,18,148446
3,8,4,102859
4,8,13,138662
2,9,23,181699
3,9,33,188232
1,6,0,51832
4,9,28,188484
3,8,16,138286
2,9,22,181132
3,7,4,73938
2,8,14,119224
3,8,6,101186
3,8,14,142360
2,9,20,151315
4,9,23,181021
3,8,15,134641
2,9,23,173851
1,8,8,104127
3,9,25,178859
4,7,5,98568
2,8,9,104661
3,8,13,134858
2,7,10,94502
1,6,2,62852
2,8,14,139095
3,8,5,106278
3,7,4,90452
4,9,23,168304
2,8,10,126593
3,9,19,152203
4,9,30,183138
3,8,9,130275
2,9,29,191915
1,6,2,62807
3,9,21,174305
2,8,9,133326
3,7,4,75656
4,9,19,155944
3,8,11,137775
2,6,0,51831
3,9,22,182237
3,9,10,151901
2,8,8,100052
1,9,29,158254
3,9,20,167207
3,8,10,112439
4,9,29,194214
2,7,5,84407
3,8,13,139413
2,8,20,143084
3,9,25,192344
4,8,1,106132
3,9,26,184816
2,9,19,150248
3,9,15,170995
2,7,6,88035
3,8,10,119419
4,9,21,173582
3,9,23,174436
2,7,4,71699
3,9,14,163558
2,9,24,166828
4,8,15,144496
3,9,31,193746
3,8,8,122581
1,7,4,79767
2,9,25,177177
3,7,4,89843
3,8,6,113563
2,8,10,128712
4,9,18,161621
3,8,8,121454
2,9,25,179987
3,7,3,72649
4,6,0,52612
3,9,24,184006
2,8,12,131960
3,8,5,102465
3,8,16,149748
2,9,22,171036
3,8,13,146351
4,9,26,185462
2,8,7,107718
3,7,4,90944
3,8,5,100425
2,6,2,63901
3,9,22,181902
3,8,9,136533
2,8,11,136285
4,9,31,191818
3,9,19,176643
2,7,4,70022
3,7,6,99363
3,9,19,152944
2,8,10,123386
3,9,21,168906
2,9,30,183020
1,5,1,47898
3,8,14,135853
2,8,17,149198
4,8,6,106662
3,9,28,186610
2,7,6,89995
3,7,4,85825
4,8,13,143814
3,9,24,174726
2,9,20,150534
2,6,4,68732
3,9,21,187951
2,8,13,137336
4,9,26,191159
3,8,5,102868
2,9,20,154281
3,8,8,111535
3,8,6,107906
2,8,13,143885
4,9,27,180958
3,8,6,108607
2,9,24,178284
3,7,4,75969
3,8,15,143705
4,9,31,197354
2,9,22,174324
3,8,8,123781
4,8,12,141735
3,9,28,187120
2,6,1,61095
3,9,22,179045
3,8,10,130355
2,8,7,103282
4,9,18,157872
3,8,10,117314
2,9,30,186321
3,8,11,129686
1,6,3,68611
3,9,25,177913
3,6,3,68472
3,8,6,113065
2,8,9,125091
4,9,23,172925
3,8,9,126916
2,9,27,183417
3,7,4,76898
4,1,1,579
2,6,2,65000
3,8,8,120000
2,7,4,90000
4,9,15,190000
3,8,9,140000
2,7,3,75000
3,9,11,160000
2,8,8,130000
3,6,2,60000
4,10,20,220000
2,7,5,80000
3,8,7,130000
2,6,3,65000
4,9,13,170000
3,8,6,110000
2,6,2,50000
4,10,18,210000
3,8,8,100000
2,6,1,50000
3,9,10,160000
2,7,4,70000
4,9,16,190000
3,8,9,140000
2,5,1,45000
3,8,7,120000
3,6,2,60000
2,9,11,150000
2,7,4,70000
4,10,16,200000
3,8,8,100000
2,6,2,55000
4,9,12,170000
2,7,5,90000
2,7,4,80000
3,9,14,180000
2,6,2,60000
3,8,9,120000
2,7,3,70000
4,10,18,210000
3,8,9,140000
2,6,1,50000
3,8,7,110000
3,6,2,60000
2,9,11,160000
2,7,4,75000
4,10,16,200000
3,8,8,100000
2,6,2,55000
4,9,12,170000
2,7,5,90000
2,7,4,80000
3,9,14,180000
2,6,2,60000
3,8,9,120000
2,7,3,70000
4,10,18,210000
3,8,9,140000
2,6,1,50000
3,8,7,110000
3,6,2,60000
2,9,11,160000
2,7,4,75000
4,10,16,200000
3,8,8,100000
2,6,2,55000
4,9,12,170000
2,7,5,90000
2,7,4,80000
3,9,14,180000
2,6,2,60000
3,8,9,120000
2,7,3,70000
4,10,18,210000
3,8,9,140000
2,6,1,50000
3,8,7,110000
3,6,2,60000
2,9,11,160000
2,7,4,75000
4,10,16,200000
3,8,8,100000
2,6,2,55000
4,9,12,170000
2,7,5,90000
2,7,4,80000
3,9,14,180000
2,6,2,60000
3,8,9,120000
2,7,3,70000
4,10,18,210000
3,8,9,140000
2,6,1,50000
3,8,7,110000
3,6,2,60000
2,9,11,160000
2,7,4,75000
4,10,16,200000
3,8,8,100000
2,6,2,55000
4,9,12,170000
2,7,5,90000
2,7,4,80000
3,9,14,180000
2,6,2,60000
3,8,9,120000
2,7,3,70000
4,10,18,210000
3,8,9,140000
2,6,1,50000
3,8,7,110000
3,6,2,60000
2,9,11,160000
2,7,4,75000
4,10,16,200000
3,8,8,100000
2,6,2,55000
4,9,12,170000
2,7,5,90000
2,7,4,80000
3,9,14,180000
2,6,2,60000
3,8,9,120000
2,7,3,70000
4,10,18,210000
2,8,6,103579
3,9,19,163780
2,8,12,137878
3,7,4,92438
3,7,5,84181
4,9,21,174821
2,8,10,126520
3,9,18,152168
4,9,29,190543
3,8,9,131547
2,9,28,192292
1,6,1,52807
3,9,20,174938
2,8,8,124071
3,7,3,73640
4,9,19,156486
3,8,11,138859
2,6,0,52831
3,9,23,182392
3,9,11,151078
2,8,8,100679
1,9,29,158966
3,9,20,167924
3,8,10,113334
4,9,29,194778
2,7,4,77606
3,8,13,140010
2,8,20,142421
3,9,24,192756
4,8,1,106686
3,9,27,186794
2,9,19,150729
3,9,15,171652
2,7,6,88552
3,8,9,119918
4,9,21,174985
3,9,23,174336
2,7,4,72389
3,9,14,163978
2,9,25,166958
4,8,15,145052
3,9,32,195270
3,8,8,122970
1,7,4,80247
2,9,25,177862
3,7,4,91062
3,8,6,114290
2,8,10,128999
4,9,18,162454
3,8,8,122354
2,9,25,179756
3,7,3,73218
4,6,0,52612
3,9,24,184480
2,8,12,132442
3,8,5,102828
3,9,16,150301
2,9,22,171468
3,8,13,147326
4,9,26,185982
2,8,7,108267
3,7,4,91397
3,8,5,100867
2,6,2,64182
3,9,22,182506
3,8,9,136986
2,8,11,136662
4,9,32,191510
3,9,19,177347
2,7,3,70397
3,8,9,146075
2,9,18,155795
3,8,9,132638
4,9,22,178684
2,8,7,106218
3,9,28,191239
3,6,2,65840
4,6,0,52779
3,9,23,185038
2,8,14,136449
3,8,6,110707
3,9,17,151670
2,9,21,167015
3,8,13,146508
4,9,27,190596
2,8,6,104378
3,7,3,70216
3,8,5,101733
2,6,1,55935
3,9,21,180367
3,8,9,135596
2,8,11,136062
4,9,32,191267
3,9,19,177347
2,7,3,70397
3,8,9,146075
2,9,18,155795
3,8,9,132638
4,9,22,178684
2,8,7,106218
3,9,28,191239
3,6,2,65840
4,6,0,52779
3,9,23,185038
2,8,14,136449
3,8,6,110707
3,9,17,151670
2,9,21,167015
3,8,13,146508
4,9,27,190596
2,8,6,104378
3,7,3,70216
3,8,5,101733
2,6,1,55935
3,9,21,180367
3,8,9,135596
2,8,11,136062
4,9,32,191267
3,9,19,177347
2,8,6,103579
3,9,19,163780
2,8,12,137878
3,7,4,92438
3,7,5,84181
4,9,21,174821
2,8,10,126520
3,9,18,152168
4,9,29,190543
3,8,9,131547
2,9,28,192292
1,6,1,52807
3,9,20,174938
2,8,8,124071
3,7,3,73640
4,9,19,156486
3,8,11,138859
2,6,0,52831
3,9,23,182392
3,9,11,151078
2,8,8,100679
1,9,29,158966
3,9,20,167924
3,8,10,113334
4,9,29,194778
2,7,4,77606
3,8,13,140010
2,8,20,142421
3,9,24,192756
4,8,1,106686
3,9,27,186794
2,9,19,150729
3,9,15,171652
2,7,6,88552
3,8,9,119918
4,9,21,174985
3,9,23,174336
2,7,4,72389
3,9,14,163978
2,9,25,166958
4,8,15,145052
3,9,32,195270
3,8,8,122970
1,7,4,80247
2,9,25,177862
3,7,4,91062
3,8,6,114290
2,8,10,128999
4,9,18,162454
3,8,8,122354
2,9,25,179756
3,7,3,73218
4,6,0,52612
3,9,24,184480
2,8,12,132442
3,8,5,102828
3,9,16,150301
2,9,22,171468
3,8,13,147326
4,9,26,185982
2,8,7,108267
3,7,4,91397
3,8,5,100867
2,6,2,64182
3,9,22,182506
3,8,9,136986
2,8,11,136662
4,9,32,191510
3,9,19,177347
2,7,3,70397
3,8,9,146075
2,9,18,155795
3,8,9,132638
4,9,22,178684
2,8,7,106218
3,9,28,191239
3,6,2,65840
4,6,0,52779
3,9,23,185038
2,8,14,136449
3,8,6,110707
3,9,17,151670
2,9,21,167015
3,8,13,146508
4,9,27,190596
2,8,6,104378
3,7,3,70216
3,8,5,101733
2,6,1,55935
3,9,21,180367
3,8,9,135596
2,8,11,136062
4,9,32,191267
3,9,19,177347
2,7,3,70397
3,8,9,146075
2,9,18,155795
3,8,9,132638
4,9,22,178684
2,8,7,106218
3,9,28,191239
3,6,2,65840
4,6,0,52779
3,9,23,185038
2,8,14,136449
3,8,6,110707
3,9,17,151670
2,9,21,167015
3,8,13,146508
4,9,27,190596
2,8,6,104378
3,7,3,70216
3,8,5,101733
2,6,1,55935
3,9,21,180367
3,8,9,135596
2,8,11,136062
4,9,32,191267
3,9,19,177347
2,8,6,103579
3,9,19,163780
2,8,12,137878
3,7,4,92438
3,7,5,84181
4,9,21,174821
2,8,10,126520
3,9,18,152168
4,9,29,190543
3,8,9,131547
2,9,28,192292
1,6,1,52807
3,9,20,174938
2,8,8,124071
3,7,3,73640
4,9,19,156486
3,8,11,138859
2,6,0,52831
3,9,23,182392
3,9,11,151078
2,8,8,100679
1,9,29,158966
3,9,20,167924
3,8,10,113334
4,9,29,194778
2,7,4,77606
3,8,13,140010
2,8,20,142421
3,9,24,192756
4,8,1,106686
3,9,27,186794
2,9,19,150729
3,9,15,171652
2,7,6,88552
3,8,9,119918
4,9,21,174985
3,9,23,174336
2,7,4,72389
3,9,14,163978
2,9,25,166958
4,8,15,145052
3,9,32,195270
3,8,8,122970
1,7,4,80247
2,9,25,177862
3,7,4,91062
3,8,6,114290
2,8,10,128999
4,9,18,162454
3,8,8,122354
2,9,25,179756
3,7,3,73218
4,6,0,52612
3,9,23,185038
2,8,12,132442
3,8,5,102828
3,9,16,150301
2,9,22,171468
3,8,13,147326
4,9,26,185982
2,8,7,108267
3,7,3,91397
3,8,5,100867
2,6,2,64182
3,9,22,182506
3,8,9,136986
2,8,11,136662
4,9,32,191510
3,9,19,177347
2,7,4,82944
4,9,23,188288
3,8,14,141090
2,9,19,152726
3,8,9,124141
2,6,3,67556
3,9,22,182768
4,8,15,148727
2,7,6,91903
3,8,14,147708
2,9,21,163209
3,8,8,120288
4,9,21,170226
3,8,11,134979
2,8,16,137489
3,7,4,83577
2,8,9,117904
3,8,11,134482
4,9,30,184660
2,8,5,100151
3,7,3,88678
4,9,21,181285
3,9,16,154990
2,8,7,108204
3,9,19,175684
2,7,5,77766
4,9,24,192211
3,8,13,144647
2,9,20,162231
3,8,9,121120
2,7,4,79652
3,9,21,177002
3,7,5,87584
2,8,13,131860
4,9,28,182013
3,8,7,108799
2,8,13,135378
3,9,22,183530
2,9,18,150901
3,7,4,82697
4,9,26,194638
3,8,12,130356
2,9,18,152560
3,8,9,121432
2,6,2,63789
3,9,23,183690
4,9,16,151310
2,8,6,100358
3,8,15,148437
2,9,22,168691
3,9,8,
2,6,1,50000
3,8,5,100000
2,6,2,60000
3,7,6,90000
2,7,3,70000
4,9,12,170000
3,8,8,130000
2,6,1,50000
3,8,7,120000
2,7,4,80000
4,10,16,200000
3,8,8,100000
2,6,2,55000
4,9,12,170000
2,7,5,90000
2,7,4,80000
3,9,14,180000
2,6,2,60000
3,8,9,120000
2,7,3,70000
4,10,18,210000
3,8,9,140000
2,6,1,50000
3,8,7,110000
3,6,2,60000
2,9,11,160000
2,7,4,75000
4,10,16,200000
3,8,8,100000
2,6,2,55000
4,9,12,170000
2,7,5,90000
2,7,4,80000
3,9,14,180000
2,6,2,60000
3,8,9,120000
2,7,3,70000
4,10,18,210000
3,8,9,140000
2,6,1,50000
3,8,7,110000
3,6,2,60000
2,9,11,160000
2,7,4,75000
4,10,16,200000
3,8,8,100000
2,6,2,55000
4,9,12,170000
2,7,5,90000
2,7,4,80000
3,9,14,180000
2,6,2,60000
3,8,9,120000
2,7,3,70000
4,10,18,210000
3,8,9,140000
2,6,1,50000
3,8,7,110000
3,6,2,60000
2,9,11,160000
2,7,4,75000
4,10,16,200000
3,8,8,100000
2,6,2,55000
4,9,12,170000
2,7,5,90000
2,7,4,80000
3,9,14,180000
2,6,2,60000
3,8,9,120000
2,7,3,70000
4,10,18,210000
3,8,9,140000
2,6,1,50000
3,8,7,110000
3,6,2,60000
2,9,11,160000
2,7,4,75000
4,10,16,200000
3,8,8,100000
2,6,2,55000
4,9,12,170000
2,7,5,90000
2,7,4,80000
3,9,14,180000
2,6,2,60000
3,8,9,120000
2,7,3,70000
4,10,18,210000
3,8,9,140000
2,6,1,50000
3,8,7,110000
3,6,2,60000
2,9,11,160000
2,7,4,75000
4,10,16,200000
3,8,8,100000
2,6,2,55000
4,9,12,170000
2,7,5,90000
2,7,4,80000
3,9,14,180000
2,6,2,60000
3,8,9,120000
2,7,3,70000
4,10,18,210000
3,8,9,140000
2,6,1,50000
3,8,7,110000
3,6,2,60000
2,9,11,160000
2,7,4,75000
4,10,16,200000
3,8,8,100000
2,6,2,55000
4,9,12,170000
2,7,5,90000
2,7,4,80000
3,9,14,180000
2,6,2,60000
3,8,9,120000
2,7,3,70000
4,10,18,210000
3,8,9,140000
2,7,4,80000
2,7,3,70000
3,9,14,180000
2,6,2,60000
3,8,9,120000
2,7,3,70000
4,10,18,210000
3,8,9,140000
2,6,1,50000
3,8,7,110000
3,6,2,60000
2,9,11,160000
2,7,4,75000
4,10,16,200000
3,8,8,100000
2,6,2,55000
4,9,12,170000
2,7,5,90000
2,7,4,80000
3,9,14,180000
2,6,2,60000
3,8,9,120000
2,7,3,70000
4,10,18,210000
3,8,9,140000
2,6,1,50000
3,8,7,110000
3,6,2,60000
2,9,11,160000
2,7,4,75000
4,10,16,200000
3,8,8,100000
2,6,2,55000
4,9,12,170000
2,7,5,90000
2,7,4,80000
3,9,14,180000
2,6,2,60000
3,8,9,120000
2,7,3,70000
4,10,18,210000
3,8,9,140000
2,6,1,50000
3,8,7,110000
3,6,2,60000
2,9,11,160000
2,7,4,75000
4,10,16,200000
3,8,8,100000
2,6,2,55000
4,9,12,170000
2,7,5,90000
2,7,4,80000
3,9,14,180000
2,6,2,60000
3,8,9,120000
2,7,3,70000
4,10,18,210000
3,8,9,140000
2,6,1,50000
3,8,7,110000
3,6,2,60000
2,9,11,160000
2,7,4,75000
4,10,16,200000
3,8,8,100000
2,6,2,55000
4,9,12,170000
2,7,5,90000
2,7,4,80000
3,9,14,180000
2,6,2,60000
3,8,9,120000
2,7,3,70000
4,10,18,210000
3,8,9,140000
2,6,1,50000
3,8,7,110000
3,6,2,60000
2,9,11,160000
2,7,4,75000
4,10,16,200000
3,8,8,100000
2,6,2,55000
4,9,12,170000
2,7,5,90000
2,7,4,80000
3,9,14,180000
2,6,2,60000
3,8,9,120000
2,7,3,70000
4,10,18,210000
3,8,9,140000
2,6,1,50000
3,8,7,110000
3,6,2,60000
2,9,11,160000
2,7,4,75000
4,10,16,200000
3,8,8,100000
2,6,2,55000
4,9,12,170000
2,7,5,90000
2,7,4,80000
3,9,14,180000
2,6,2,60000
3,8,9,120000
2,7,3,70000
4,10,18,210000
3,8,9,140000
2,6,1,50000
3,8,7,110000
3,6,2,60000
2,9,11,160000
2,7,4,75000
4,10,16,200000
3,8,8,100000
2,6,2,55000
4,9,12,170000
2,7,5,90000
2,7,4,80000
3,9,14,180000
2,6,2,60000
3,8,9,120000
3,7,5,80000
2,6,4,60000
2,6,2,50000
3,9,18,160000
4,8,9,120000
1,5,0,40000
2,8,10,100000
3,7,4,75000
4,8,16,140000
2,6,2,50000
3,8,11,110000
2,5,1,45000
1,6,4,55000
4,8,13,130000
2,6,2,50000
3,7,7,80000
2,5,2,45000
1,5,1,32000
4,8,12,120000
3,6,4,65000
2,7,8,95000
3,7,5,80000
1,5,3,38000
3,8,10,110000
2,5,2,45000
3,7,7,89000
1,5,1,32000
2,7,5,70000
4,9,15,150000
2,5,1,40000
3,8,9,105000
3,6,4,65000
4,8,14,140000
2,6,3,50000
1,5,2,35000
3,8,11,115000
3,7,5,70000
2,7,6,80000
1,5,1,30000
4,8,13,135000
2,5,1,40000
3,8,10,105000
1,5,2,35000
4,8,12,120000
3,6,3,55000
2,5,2,45000
3,8,14,140000
2,6,3,55000
4,8,11,115000
3,7,4,70000
1,5,3,38000
3,8,13,135000
2,5,2,45000
3,7,7,85000
1,5,1,32000
4,9,15,150000
2,6,4,65000
3,5,1,32000
4,8,12,120000
2,5,1,40000
3,7,9,95000
1,5,2,35000
4,8,14,140000
2,6,3,55000
3,7,6,80000
4,8,13,135000
2,5,2,45000
3,7,8,95000
1,5,1,32000
2,7,5,70000
3,8,12,120000
3,7,4,70000
3,7,7,85000
1,5,2,33000
4,9,15,150000
2,6,3,50000
3,5,1,32000
4,8,11,115000
2,5,1,40000
3,8,10,105000
1,5,2,35000
4,8,13,135000
2,6,4,65000
3,7,6,80000
4,8,14,140000
2,5,2,45000
3,7,8,95000
1,5,1,32000
2,7,5,70000
3,8,12,120000
3,7,4,70000
3,7,7,85000
1,5,2,33000
4,9,15,150000
2,6,3,50000
3,5,1,32000
4,8,11,115000
2,5,1,40000
3,8,10,105000
1,5,2,35000
4,8,13,135000
2,6,4,65000
3,7,6,80000
4,8,14,140000
2,5,2,45000
3,7,8,95000
1,5,1,32000
2,7,5,70000
3,8,12,120000
3,7,4,70000
3,7,7,85000
1,5,2,33000
4,9,15,150000
2,6,3,50000
3,5,1,32000
4,8,11,115000
2,5,1,40000
3,8,10,105000
1,5,2,35000
4,8,13,135000
2,6,4,65000
3,7,6,80000
4,8,14,140000
2,5,2,45000
3,7,8,95000
1,5,1,32000
2,7,5,70000
3,8,12,120000
3,7,4,70000
3,7,7,85000
1,5,2,33000
4,9,15,150000
2,6,3,50000
3,5,1,32000
4,8,11,115000
2,5,2,45000
1,5,1,32000
4,8,12,120000
3,6,4,65000
2,7,8,95000
3,7,5,80000
1,5,3,38000
3,8,10,110000
2,5,2,45000
3,7,7,89000
1,5,1,32000
2,7,5,70000
4,9,15,150000
2,5,1,40000
3,8,9,105000
3,6,4,65000
4,8,14,140000
2,6,3,50000
1,5,2,35000
3,8,11,115000
3,7,5,70000
2,7,6,80000
1,5,1,30000
4,8,13,135000
2,5,1,40000
3,8,10,105000
1,5,2,35000
4,8,12,120000
3,6,3,55000
2,5,2,45000
3,8,14,140000
2,6,3,55000
4,8,11,115000
3,7,4,70000
1,5,3,38000
3,8,13,135000
2,5,2,45000
3,7,7,85000
1,5,1,32000
4,9,15,150000
2,6,4,65000
3,5,1,32000
4,8,12,120000
2,5,1,40000
3,7,9,95000
1,5,2,35000
4,8,14,140000
2,6,3,55000
3,7,6,80000
4,8,13,135000
2,5,2,45000
3,7,8,95000
1,5,1,32000
2,7,5,70000
3,8,12,120000
3,7,4,70000
3,7,7,85000
1,5,2,33000
4,9,15,150000
2,6,3,50000
3,5,1,32000
4,8,11,115000
2,5,1,40000
3,8,10,105000
1,5,2,35000
4,8,13,135000
2,6,4,65000
3,7,6,80000
4,8,14,140000
2,5,2,45000
3,7,8,95000
1,5,1,32000
2,7,5,70000
3,8,12,120000
3,7,4,70000
3,7,7,85000
1,5,2,33000
4,9,15,150000
2,6,3,50000
3,5,1,32000
4,8,11,115000
2,5,1,40000
3,8,10,105000
1,5,2,35000
4,8,13,135000
2,6,4,65000
3,7,6,80000
4,8,14,140000
2,5,2,45000
3,7,8,95000
1,5,1,32000
2,7,5,70000
3,8,12,120000
3,7,4,70000
3,7,7,85000
1,5,2,33000
4,9,15,150000
2,6,3,50000
3,5,1,32000
4,8,11,115000
2,5,1,40000
3,8,10,105000
1,5,2,35000
4,8,13,135000
2,6,4,65000
3,7,6,80000
4,8,14,140000
2,5,2,45000
3,7,8,95000
1,5,1,32000
2,7,5,70000
3,8,12,120000
3,7,4,70000
3,7,7,85000
1,5,2,33000
4,9,15,150000
2,6,3,50000
3,5,1,32000
4,8,11,115000
2,6,3,60000
3,8,9,100000
4,9,15,150000
2,6,4,55000
1,5,1,30000
3,7,5,70000
2,7,8,90000
3,5,2,40000
4,8,12,130000
2,7,6,75000
1,5,2,35000
3,8,10,110000
2,6,4,65000
4,9,18,180000
2,5,1,35000
3,8,11,120000
2,7,6,75000
1,5,1,30000
4,9,16,160000
2,6,3,60000
3,7,8,85000
2,7,5,70000
3,6,3,50000
4,8,13,140000
2,7,6,75000
1,5,2,35000
3,8,10,110000
2,6,4,65000
4,9,18,180000
2,5,1,35000
3,8,11,120000
2,7,6,75000
1,5,1,30000
4,9,16,160000
2,6,3,60000
3,7,8,85000
2,7,5,70000
3,6,3,50000
4,8,13,140000
2,7,6,75000
1,5,2,35000
3,8,10,110000
2,6,4,65000
4,9,18,180000
2,5,1,35000
3,8,11,120000
2,7,6,75000
1,5,1,30000
4,9,16,160000
2,6,3,60000
3,7,8,85000
2,7,5,70000
3,6,3,50000
4,8,13,140000
2,7,6,75000
1,5,2,35000
3,8,10,110000
2,6,4,65000
4,9,18,180000
2,5,1,35000
3,8,11,120000
2,7,6,75000
1,5,1,30000
4,9,16,160000
2,6,3,60000
3,7,8,85000
2,7,5,70000
3,6,3,50000
4,8,13,140000
2,7,6,75000
1,5,2,35000
3,8,10,110000
2,6,4,65000
4,9,18,180000
2,5,1,35000
3,8,11,120000
2,7,6,75000
1,5,1,30000
4,9,16,160000
2,6,3,60000
3,7,8,85000
2,7,5,70000
3,6,3,50000
4,8,13,140000
2,7,6,75000
1,5,2,35000
3,8,10,110000
2,6,4,65000
4,9,18,180000
2,5,1,35000
3,8,11,120000
2,7,6,75000
1,5,1,30000
4,9,16,160000
2,6,3,60000
3,7,8,85000
2,7,5,70000
3,6,3,50000
4,8,13,140000
2,7,6,75000
1,5,2,35000
3,8,10,110000
2,6,4,65000
4,9,18,180000
2,5,1,35000
3,8,11,120000
2,7,6,75000
1,5,1,30000
4,9,16,160000
2,6,3,60000
3,7,8,85000
2,7,5,70000
3,6,3,50000
4,8,13,140000
2,7,6,75000
1,5,2,35000
3,8,10,110000
2,6,4,65000
4,9,18,180000
2,5,1,35000
3,8,11,120000
2,7,6,75000
1,5,1,30000
4,9,16,160000
2,6,3,60000
2,6,3,60000
3,8,9,100000
4,9,15,150000
2,6,4,55000
1,5,1,30000
3,7,5,70000
2,7,8,90000
3,5,2,40000
4,8,12,130000
2,7,6,75000
1,5,2,35000
3,8,10,110000
2,6,4,65000
4,9,18,180000
2,5,1,35000
3,8,11,120000
2,7,6,75000
1,5,1,30000
4,9,16,160000
2,6,3,60000
3,7,8,85000
2,7,5,70000
3,6,3,50000
4,8,13,140000
2,7,6,75000
1,5,2,35000
3,8,10,110000
2,6,4,65000
4,9,18,180000
2,5,1,35000
3,8,11,120000
2,7,6,75000
1,5,1,30000
4,9,16,160000
2,6,3,60000
3,7,8,85000
2,7,5,70000
3,6,3,50000
4,8,13,140000
2,7,6,75000
1,5,2,35000
3,8,10,110000
2,6,4,65000
4,9,18,180000
2,5,1,35000
3,8,11,120000
2,7,6,75000
1,5,1,30000
4,9,16,160000
2,6,3,60000
3,7,8,85000
2,7,5,70000
3,6,3,50000
4,8,13,140000
2,7,6,75000
1,5,2,35000
3,8,10,110000
2,6,4,65000
4,9,18,180000
2,5,1,35000
3,8,11,120000
2,7,6,75000
1,5,1,30000
4,9,16,160000
2,6,3,60000
3,7,8,85000
2,7,5,70000
3,6,3,50000
4,8,13,140000
2,7,6,75000
1,5,2,35000
3,8,10,110000
2,6,4,65000
4,9,18,180000
2,5,1,35000
3,8,11,120000
2,7,6,75000
1,5,1,30000
4,9,16,160000
2,6,3,60000
3,7,8,85000
2,7,5,70000
3,6,3,50000
4,8,13,140000
2,7,6,75000
1,5,2,35000
3,8,10,110000
2,6,4,65000
4,9,18,180000
2,5,1,35000
3,8,11,120000
2,7,6,75000
1,5,1,30000
4,9,16,160000
2,6,3,60000
3,7,8,85000
2,7,5,70000
3,6,3,50000
4,8,13,140000
2,7,6,75000
1,5,2,35000
3,8,10,110000
2,6,4,65000
4,9,18,180000
2,5,1,35000
3,8,11,120000
2,7,6,75000
1,5,1,30000
4,9,16,160000
2,6,3,60000
3,7,8,85000
2,7,5,70000
3,6,3,50000
4,8,13,140000
2,7,6,75000
1,5,2,35000
3,8,10,110000
2,6,4,65000
4,9,18,180000
2,5,1,35000
3,8,11,120000
2,7,6,75000
1,5,1,30000
4,9,16,160000
2,6,3,60000
2,6,2,55000
3,7,7,90000
4,9,16,160000
2,6,4,60000
1,4,1,25000
3,7,5,70000
2,8,8,100000
2,5,3,45000
4,8,14,140000
2,7,6,75000
1,5,2,30000
3,8,11,120000
2,6,4,65000
4,9,19,190000
2,5,1,35000
3,8,12,130000
2,7,7,85000
1,4,1,25000
4,9,15,150000
2,6,3,60000
3,8,9,100000
2,7,6,75000
3,6,3,50000
4,8,14,140000
2,7,6,75000
1,5,2,30000
3,8,11,120000
2,6,4,65000
4,9,19,190000
2,5,1,35000
3,8,12,130000
2,7,7,85000
1,4,1,25000
4,9,15,150000
2,6,3,60000
3,8,9,100000
2,7,6,75000
3,6,3,50000
4,8,14,140000
2,7,6,75000
1,5,2,30000
3,8,11,120000
2,6,4,65000
4,9,19,190000
2,5,1,35000
3,8,12,130000
2,7,7,85000
1,4,1,25000
4,9,15,150000
2,6,3,60000
3,8,9,100000
2,7,6,75000
3,6,3,50000
4,8,14,140000
2,7,6,75000
1,5,2,30000
3,8,11,120000
2,6,4,65000
4,9,19,190000
2,5,1,35000
3,8,12,130000
2,7,7,85000
1,4,1,25000
4,9,15,150000
2,6,3,60000
3,8,9,100000
2,7,6,75000
3,6,3,50000
4,8,14,140000
2,7,6,75000
1,5,2,30000
3,8,11,120000
2,6,4,65000
4,9,19,190000
2,5,1,35000
3,8,12,130000
2,7,7,85000
1,4,1,25000
4,9,15,150000
2,6,3,60000
3,8,9,100000
2,7,6,75000
3,6,3,50000
4,8,14,140000
2,7,6,75000
1,5,2,30000
3,8,11,120000
2,6,4,65000
4,9,19,190000
2,5,1,35000
3,8,12,130000
2,7,7,85000
1,4,1,25000
4,9,15,150000
2,6,3,60000
3,8,9,100000
2,7,6,75000
3,6,3,50000
4,8,14,140000
2,7,6,75000
1,5,2,30000
3,8,11,120000
2,6,4,65000
4,9,19,190000
2,5,1,35000
3,8,12,130000
2,7,7,85000
1,4,1,25000
4,9,15,150000
2,6,3,60000
3,8,9,100000
2,7,6,75000
3,6,3,50000
4,8,14,140000
2,7,6,75000
1,5,2,30000
3,8,11,120000
2,6,4,65000
4,9,19,190000
2,5,1,35000
3,8,12,130000
2,7,7,85000
1,4,1,25000
4,9,15,150000
2,6,3,60000
2,7,5,80000
3,6,3,60000
4,8,12,130000
2,5,2,45000
1,4,1,25000
3,7,7,90000
2,9,18,170000
2,5,2,40000
4,9,15,150000
2,7,8,95000
1,4,1,25000
3,8,10,110000
2,7,4,70000
4,10,22,220000
2,5,2,35000
3,8,13,140000
2,8,9,110000
1,4,1,25000
4,9,16,160000
2,7,5,80000
3,8,11,120000
2,7,6,90000
3,5,2,45000
4,9,15,150000
2,7,8,95000
1,4,1,25000
3,8,10,110000
2,7,4,70000
4,10,22,220000
2,5,2,35000
3,8,13,140000
2,8,9,110000
1,4,1,25000
4,9,16,160000
2,7,5,80000
3,8,11,120000
2,7,6,90000
3,5,2,45000
4,9,15,150000
2,7,8,95000
1,4,1,25000
3,8,10,110000
2,7,4,70000
4,10,22,220000
2,5,2,35000
3,8,13,140000
2,8,9,110000
1,4,1,25000
4,9,16,160000
2,7,5,80000
3,8,11,120000
2,7,6,90000
3,5,2,45000
4,9,15,150000
2,7,8,95000
1,4,1,25000
3,8,10,110000
2,7,4,70000
4,10,22,220000
2,5,2,35000
3,8,13,140000
2,8,9,110000
1,4,1,25000
4,9,16,160000
2,7,5,80000
3,8,11,120000
2,7,6,90000
3,5,2,45000
4,9,15,150000
2,7,8,95000
1,4,1,25000
3,8,10,110000
2,7,4,70000
4,10,22,220000
2,5,2,35000
3,8,13,140000
2,8,9,110000
1,4,1,25000
4,9,16,160000
2,7,5,80000
3,8,11,120000
2,7,6,90000
3,5,2,45000
4,9,15,150000
2,7,8,95000
1,4,1,25000
3,8,10,110000
2,7,4,70000
4,10,22,220000
2,5,2,35000
3,8,13,140000
2,8,9,110000
1,4,1,25000
4,9,16,160000
2,7,5,80000
3,8,11,120000
2,7,6,90000
3,5,2,45000
4,9,15,150000
2,7,8,95000
1,4,1,25000
3,8,10,110000
2,7,4,70000
4,10,22,220000
2,5,2,35000
3,8,13,140000
2,8,9,110000
1,4,1,25000
4,9,16,160000
2,7,5,80000
3,8,11,120000
2,7,6,90000
3,5,2,45000
4,9,15,150000
2,7,8,95000
1,4,1,25000
3,8,10,110000
2,7,4,70000
4,10,22,220000
2,5,2,35000
3,8,13,140000
2,8,9,110000
1,4,1,25000
4,9,16,160000
2,7,5,80000
2,7,6,85000
3,6,4,62000
4,8,13,138000
2,5,2,47000
1,4,1,26000
3,7,8,95000
2,9,19,174000
2,5,2,41000
4,9,16,162000
2,7,9,99000
1,4,1,26000
3,8,11,117000
2,7,5,75000
4,10,23,225000
2,5,2,36000
3,8,14,146000
2,8,10,113000
1,4,1,26000
4,9,17,168000
2,7,6,85000
3,8,12,122000
2,7,7,96000
3,5,3,49000
4,9,16,162000
2,7,9,99000
1,4,1,26000
3,8,11,117000
2,7,5,75000
4,10,23,225000
2,5,2,36000
3,8,14,146000
2,8,10,113000
1,4,1,26000
4,9,17,168000
2,7,6,85000
3,8,12,122000
2,7,7,96000
3,5,3,49000
4,9,16,162000
2,7,9,99000
1,4,1,26000
3,8,11,117000
2,7,5,75000
4,10,23,225000
2,5,2,36000
3,8,14,146000
2,8,10,113000
1,4,1,26000
4,9,17,168000
2,7,6,85000
3,8,12,122000
2,7,7,96000
3,5,3,49000
4,9,16,162000
2,7,9,99000
1,4,1,26000
3,8,11,117000
2,7,5,75000
4,10,23,225000
2,5,2,36000
3,8,14,146000
2,8,10,113000
1,4,1,26000
4,9,17,168000
2,7,6,85000
3,8,12,122000
2,7,7,96000
3,5,3,49000
4,9,16,162000
2,7,9,99000
1,4,1,26000
3,8,11,117000
2,7,5,75000
4,10,23,225000
2,5,2,36000
3,8,14,146000
2,8,10,113000
1,4,1,26000
4,9,17,168000
2,7,6,85000
3,8,12,122000
2,7,7,96000
3,5,3,49000
4,9,16,162000
2,7,9,99000
1,4,1,26000
3,8,11,117000
2,7,5,75000
4,10,23,225000
2,5,2,36000
3,8,14,146000
2,8,10,113000
1,4,1,26000
4,9,17,168000
2,7,6,85000
3,8,12,122000
2,7,7,96000
3,5,3,49000
4,9,16,162000
2,7,9,99000
1,4,1,26000
3,8,11,117000
2,7,5,75000
4,10,23,225000
2,5,2,36000
3,8,14,146000
2,8,10,113000
1,4,1,26000
4,9,17,168000
2,7,6,85000
3,8,12,122000
2,7,7,96000
3,5,3,49000
4,9,16,162000
2,7,9,99000
1,4,1,26000
3,8,11,117000
2,7,5,75000
4,10,23,225000
2,5,2,36000
3,8,14,146000
2,8,10,113000
1,4,1,26000
4,9,17,168000
2,7,6,85000
3,7,8,95000
4,9,18,180000
2,5,2,41000
1,4,1,26000
3,6,5,68000
2,8,13,127000
2,5,2,47000
4,9,15,155000
2,7,8,92000
1,4,1,26000
3,8,12,125000
2,7,4,71000
4,10,24,240000
2,5,2,36000
3,9,15,152000
2,8,11,119000
1,4,1,26000
4,9,19,190000
2,7,6,85000
3,8,13,131000
2,8,8,101000
3,5,3,49000
4,9,18,182000
2,7,8,92000
1,4,1,26000
3,8,12,125000
2,7,4,71000
4,10,24,240000
2,5,2,36000
3,9,15,152000
2,8,11,119000
1,4,1,26000
4,9,19,190000
2,7,6,85000
3,8,13,131000
2,8,8,101000
3,5,3,49000
4,9,18,182000
2,7,8,92000
1,4,1,26000
3,8,12,125000
2,7,4,71000
4,10,24,240000
2,5,2,36000
3,9,15,152000
2,8,11,119000
1,4,1,26000
4,9,19,190000
2,7,6,85000
3,8,13,131000
2,8,8,101000
3,5,3,49000
4,9,18,182000
2,7,8,92000
1,4,1,26000
3,8,12,125000
2,7,4,71000
4,10,24,240000
2,5,2,36000
3,9,15,152000
2,8,11,119000
1,4,1,26000
4,9,19,190000
2,7,6,85000
3,8,13,131000
2,8,8,101000
3,5,3,49000
4,9,18,182000
2,7,8,92000
1,4,1,26000
3,8,12,125000
2,7,4,71000
4,10,24,240000
2,5,2,36000
3,9,15,152000
2,8,11,119000
1,4,1,26000
4,9,19,190000
2,7,6,85000
3,8,13,131000
2,8,8,101000
3,5,3,49000
4,9,18,182000
2,7,8,92000
1,4,1,26000
3,8,12,125000
2,7,4,71000
4,10,24,240000
2,5,2,36000
3,9,15,152000
2,8,11,119000
1,4,1,26000
4,9,19,190000
2,7,6,85000
3,8,13,131000
2,8,8,101000
3,5,3,49000
4,9,18,182000
2,7,8,92000
1,4,1,26000
3,8,12,125000
2,7,4,71000
4,10,24,240000
2,5,2,36000
3,9,15,152000
2,8,11,119000
1,4,1,26000
4,9,19,190000
2,7,6,85000
3,8,13,131000
2,8,8,101000
3,5,3,49000
4,9,18,182000
2,7,8,92000
1,4,1,26000
3,8,12,125000
2,7,4,71000
4,10,24,240000
2,5,2,36000
3,9,15,152000
2,8,11,119000
1,4,1,26000
4,9,19,190000
2,7,6,85000
3,8,13,131000
2,6,3,62000
3,8,16,137000
4,8,9,112000
2,5,2,45000
1,4,1,25000
2,7,7,91000
4,9,17,179000
2,7,5,74000
3,10,23,228000
2,5,2,37000
4,9,19,193000
2,8,11,119000
1,4,1,25000
3,10,20,204000
2,6,3,61000
4,9,15,157000
3,7,8,92000
2,6,1,52000
2,6,4,58000
4,10,22,219000
3,7,6,77000
2,8,8,104000
1,4,1,25000
3,10,20,204000
2,5,2,37000
4,9,18,183000
2,8,11,119000
1,4,1,25000
3,10,20,204000
2,6,3,61000
4,9,15,157000
3,7,8,92000
2,6,1,52000
2,6,4,58000
4,10,22,219000
3,7,6,77000
2,8,8,104000
1,4,1,25000
3,10,20,204000
2,5,2,37000
4,9,18,183000
2,8,11,119000
1,4,1,25000
3,10,20,204000
2,6,3,61000
4,9,15,157000
3,7,8,92000
2,6,1,52000
2,6,4,58000
4,10,22,219000
3,7,6,77000
2,8,8,104000
1,4,1,25000
3,10,20,204000
2,5,2,37000
4,9,18,183000
2,8,11,119000
1,4,1,25000
3,10,20,204000
2,6,3,61000
4,9,15,157000
3,7,8,92000
2,6,1,52000
2,6,4,58000
4,10,22,219000
3,7,6,77000
2,8,8,104000
1,4,1,25000
3,10,20,204000
2,5,2,37000
4,9,18,183000
2,8,11,119000
1,4,1,25000
3,10,20,204000
2,6,3,61000
4,9,15,157000
3,7,8,92000
2,6,1,52000
2,6,4,58000
4,10,22,219000
3,7,6,77000
2,8,8,104000
1,4,1,25000
3,10,20,204000
2,5,2,37000
4,9,18,183000
2,8,11,119000
1,4,1,25000
3,10,20,204000
2,6,3,61000
4,9,15,157000
3,7,8,92000
2,6,1,52000
2,6,4,58000
4,10,22,219000
3,7,6,77000
2,8,8,104000
1,4,1,25000
3,10,20,204000
2,5,2,37000
4,9,18,183000
2,8,11,119000
1,4,1,25000
3,10,20,204000
2,6,3,61000
4,9,15,157000
3,7,8,92000
2,6,1,52000
2,6,4,58000
4,10,22,219000
3,7,6,77000
2,8,8,104000
1,4,1,25000
3,10,20,204000
2,5,2,37000
4,9,18,183000
2,8,11,119000
1,4,1,25000
3,10,20,204000
2,6,3,61000
4,9,15,157000
3,7,8,92000
2,6,1,52000
2,6,4,58000
4,10,22,219000
3,7,6,77000
3,7,6,95000
2,5,2,45000
3,7,4,70000
4,8,10,110000
1,5,1,35000
2,6,5,60000
3,6,2,50000
3,8,12,120000
2,5,1,32000
2,6,4,65000
2,5,1,35000
4,8,14,130000
3,7,9,95000
1,5,2,43000
2,6,4,50000
2,6,3,60000
3,7,8,80000
3,5,2,48000
4,8,13,125000
2,7,7,85000
2,5,2,42000
3,7,4,70000
1,5,1,32000
3,7,6,80000
2,5,2,42000
4,7,7,90000
3,6,4,65000
2,5,1,40000
3,8,12,110000
3,8,10,105000
2,6,3,50000
4,7,8,95000
2,6,3,60000
1,5,2,40000
3,6,2,55000
2,7,5,70000
1,5,1,32000
3,7,7,90000
2,6,2,50000
4,8,10,110000
2,5,1,32000
3,7,6,80000
3,7,4,70000
1,5,2,45000
2,6,7,65000
3,6,2,50000
2,5,3,45000
4,7,9,95000
2,6,4,65000
2,5,2,38000
3,8,13,125000
3,7,8,90000
1,5,2,43000
2,6,5,60000
3,6,3,60000
4,8,10,110000
2,5,1,35000
3,7,6,95000
3,5,2,42000
3,8,11,100000
2,5,1,32000
2,6,4,65000
2,5,2,42000
4,8,14,130000
3,7,9,95000
1,5,2,43000
2,6,4,50000
2,6,3,60000
3,7,8,80000
3,5,2,48000
4,8,13,125000
2,7,7,85000
2,5,2,42000
3,7,4,70000
1,5,1,32000
3,7,6,80000
2,5,2,42000
4,7,7,90000
3,6,4,65000
2,5,1,40000
3,8,12,110000
3,8,10,105000
2,6,3,50000
4,7,8,95000
2,6,3,60000
1,5,2,40000
3,6,2,55000
2,7,5,70000
1,5,1,32000
3,7,7,90000
2,6,2,50000
4,8,10,110000
2,5,1,32000
3,7,6,80000
3,7,4,70000
1,5,2,45000
2,6,7,65000
3,6,2,50000
2,5,3,45000
4,7,9,95000
2,6,4,65000
2,5,2,38000
3,8,13,125000
3,7,8,90000
1,5,2,43000
2,6,5,60000
3,6,3,60000
4,8,10,110000
2,5,1,35000
3,7,6,95000
3,5,2,42000
3,8,11,100000
2,5,1,32000
2,6,4,65000
2,5,2,42000
4,8,14,130000
3,7,9,95000
1,5,2,43000
2,1,4,500
2,5,1,45000
3,8,8,120000
2,6,3,55000
2,7,5,70000
4,8,12,140000
1,5,1,30000
3,8,7,100000
2,6,2,50000
2,6,3,55000
4,8,10,130000
2,5,1,45000
3,8,8,120000
2,6,3,55000
2,7,5,70000
4,8,12,140000
1,5,1,30000
3,8,7,100000
2,6,2,50000
2,6,3,55000
4,8,10,130000
2,5,1,45000
3,8,8,120000
2,6,3,55000
2,7,5,70000
4,8,12,140000
1,5,1,30000
3,8,7,100000
2,6,2,50000
2,6,3,55000
4,8,10,130000
2,5,1,45000
3,8,8,120000
2,6,3,55000
2,7,5,70000
4,8,12,140000
1,5,1,30000
3,8,7,100000
2,6,2,50000
2,6,3,55000
4,8,10,130000
2,5,1,45000
3,8,8,120000
2,6,3,55000
2,7,5,70000
4,8,12,140000
1,5,1,30000
3,8,7,100000
2,6,2,50000
2,6,3,55000
4,8,10,130000
2,5,1,45000
3,8,8,120000
2,6,3,55000
2,7,5,70000
4,8,12,140000
1,5,1,30000
3,8,7,100000
2,6,2,50000
2,6,3,55000
4,8,10,130000
2,5,1,45000
3,8,8,120000
2,6,3,55000
2,7,5,70000
4,8,12,140000
1,5,1,30000
3,8,7,100000
2,6,2,50000
2,6,3,55000
4,8,10,130000
2,5,1,45000
3,8,8,120000
2,6,3,55000
2,7,5,70000
4,8,12,140000
1,5,1,30000
3,8,7,100000
2,6,2,50000
2,6,3,55000
4,8,10,130000
2,5,1,45000
3,8,8,120000
2,6,3,55000
2,7,5,70000
4,8,12,140000
1,5,1,30000
3,8,7,100000
2,6,2,50000
2,6,3,55000
4,8,10,130000
2,5,1,45000
3,8,8,120000
2,6,3,55000
2,7,5,70000
4,8,12,140000
1,5,1,30000
3,8,7,100000
2,6,2,50000
2,6,3,55000
4,8,10,130000
2,5,1,45000
3,8,8,120000
2,6,3,55000
2,7,5,70000
4,8,12,140000
1,5,1,30000
3,8,7,100000
2,6,2,50000
2,6,3,55000
4,8,10,130000
2,5,1,45000
3,8,8,120000
2,6,3,55000
2,7,5,70000
4,8,12,140000
1,5,1,30000
3,8,7,100000
2,6,2,50000
2,6,3,55000
4,8,10,130000
2,5,1,45000
2,5,2,48000
3,8,9,125000
2,6,4,57000
2,7,6,72000
4,8,13,145000
1,5,2,31000
3,8,8,105000
2,6,3,52000
2,6,4,57000
4,8,11,135000
2,5,2,48000
3,8,9,125000
2,6,4,57000
2,7,6,72000
4,8,13,145000
1,5,2,31000
3,8,8,105000
2,6,3,52000
2,6,4,57000
4,8,11,135000
2,5,2,48000
3,8,9,125000
2,6,4,57000
2,7,6,72000
4,8,13,145000
1,5,2,31000
3,8,8,105000
2,6,3,52000
2,6,4,57000
4,8,11,135000
2,5,2,48000
3,8,9,125000
2,6,4,57000
2,7,6,72000
4,8,13,145000
1,5,2,31000
3,8,8,105000
2,6,3,52000
2,6,4,57000
4,8,11,135000
2,5,2,48000
3,8,9,125000
2,6,4,57000
2,7,6,72000
4,8,13,145000
1,5,2,31000
3,8,8,105000
2,6,3,52000
2,6,4,57000
4,8,11,135000
2,5,2,48000
3,8,9,125000
2,6,4,57000
2,7,6,72000
4,8,13,145000
1,5,2,31000
3,8,8,105000
2,6,3,52000
2,6,4,57000
4,8,11,135000
2,5,2,48000
3,8,9,125000
2,6,4,57000
2,7,6,72000
4,8,13,145000
1,5,2,31000
3,8,8,105000
2,6,3,52000
2,6,4,57000
4,8,11,135000
2,5,2,48000
3,8,9,125000
2,6,4,57000
2,7,6,72000
4,8,13,145000
1,5,2,31000
3,8,8,105000
2,6,3,52000
2,6,4,57000
4,8,11,135000
2,5,2,48000
3,8,9,125000
2,6,4,57000
2,7,6,72000
4,8,13,145000
1,5,2,31000
3,8,8,105000
2,6,3,52000
2,6,4,57000
4,8,11,135000
2,5,2,48000
3,8,9,125000
2,6,4,57000
2,7,6,72000
4,8,13,145000
1,5,2,31000
3,8,8,105000
2,6,3,52000
2,6,4,57000
4,8,11,135000
2,5,2,48000
3,8,9,125000
2,6,4,57000
2,7,6,72000
4,8,13,145000
1,5,2,31000
3,8,8,105000
2,6,3,52000
2,6,4,57000
4,8,11,135000
2,5,2,48000
3,8,9,125000
2,6,4,57000
2,7,6,72000
4,8,13,145000
1,5,2,31000
3,8,8,105000
2,6,3,52000
2,6,4,57000
4,8,11,135000
2,5,2,48000
2,7,5,85000
3,8,7,110000
4,9,12,170000
2,8,9,140000
1,5,1,30000
2,7,6,95000
3,7,4,80000
4,9,10,155000
1,4,0,25000
2,9,11,160000
2,6,3,65000
3,8,7,120000
4,8,6,105000
2,7,5,85000
3,8,7,110000
4,9,12,170000
2,8,9,140000
1,5,1,30000
2,7,6,95000
3,7,4,80000
4,9,10,155000
1,4,0,25000
2,9,11,160000
2,6,3,65000
3,8,7,120000
4,8,6,105000
2,7,5,85000
3,8,7,110000
4,9,12,170000
2,8,9,140000
1,5,1,30000
2,7,6,95000
3,7,4,80000
4,9,10,155000
1,4,0,25000
2,9,11,160000
2,6,3,65000
3,8,7,120000
4,8,6,105000
2,7,5,85000
3,8,7,110000
4,9,12,170000
2,8,9,140000
1,5,1,30000
2,7,6,95000
3,7,4,80000
4,9,10,155000
1,4,0,25000
2,9,11,160000
2,6,3,65000
3,8,7,120000
4,8,6,105000
2,7,5,85000
3,8,7,110000
4,9,12,170000
2,8,9,140000
1,5,1,30000
2,7,6,95000
3,7,4,80000
4,9,10,155000
1,4,0,25000
2,9,11,160000
2,6,3,65000
3,8,7,120000
4,8,6,105000
2,7,5,85000
3,8,7,110000
4,9,12,170000
2,8,9,140000
1,5,1,30000
2,7,6,95000
3,7,4,80000
4,9,10,155000
1,4,0,25000
2,9,11,160000
2,6,3,65000
3,8,7,120000
4,8,6,105000
2,7,5,85000
3,8,7,110000
4,9,12,170000
2,8,9,140000
1,5,1,30000
2,7,6,95000
3,7,4,80000
4,9,10,155000
1,4,0,25000
2,9,11,160000
2,6,3,65000
3,8,7,120000
4,8,6,105000
2,7,5,85000
3,8,7,110000
4,9,12,170000
2,8,9,140000
1,5,1,30000
2,7,6,95000
3,7,4,80000
4,9,10,155000
1,4,0,25000
2,9,11,160000
2,6,3,65000
3,8,7,120000
4,8,6,105000
2,7,5,85000
3,8,7,110000
4,9,12,170000
2,8,9,140000
1,5,1,30000
2,7,6,95000
3,7,4,80000
4,9,10,155000
1,4,0,25000
2,9,11,160000
2,6,3,65000
3,8,7,120000
4,8,6,105000
2,7,5,85000
3,8,7,110000
4,9,12,170000
2,8,9,140000
1,5,1,30000
2,7,6,95000
3,7,4,80000
1,4,0,25000
2,10,21,250000
3,8,8,120000
2,7,4,80000
2,8,6,100000
4,9,12,170000
1,6,3,50000
2,8,9,140000
3,8,7,120000
2,6,2,55000
2,7,5,85000
3,7,4,80000
4,9,12,170000
2,8,9,140000
1,5,1,30000
2,7,6,95000
3,7,4,80000
4,9,10,155000
1,4,0,25000
2,9,11,160000
2,6,3,65000
3,8,7,120000
4,8,6,105000
2,7,5,85000
3,8,7,110000
4,9,12,170000
2,8,9,140000
1,5,1,30000
2,7,6,95000
3,7,4,80000
4,9,10,155000
1,4,0,25000
2,9,11,160000
2,6,3,65000
3,8,7,120000
4,8,6,105000
2,7,5,85000
3,8,7,110000
4,9,12,170000
2,8,9,140000
1,5,1,30000
2,7,6,95000
3,7,4,80000
4,9,10,155000
1,4,0,25000
2,9,11,160000
2,6,3,65000
3,8,7,120000
4,8,6,105000
2,7,5,85000
3,8,7,110000
4,9,12,170000
2,8,9,140000
1,5,1,30000
2,7,6,95000
3,7,4,80000
4,9,10,155000
1,4,0,25000
2,9,11,160000
2,6,3,65000
3,8,7,120000
4,8,6,105000
2,7,5,85000
3,8,7,110000
4,9,12,170000
2,8,9,140000
1,5,1,30000
2,7,6,95000
3,7,4,80000
4,9,10,155000
1,4,0,25000
2,9,11,160000
2,6,3,65000
3,8,7,120000
4,8,6,105000
2,7,5,85000
3,8,7,110000
4,9,12,170000
2,8,9,140000
1,5,1,30000
2,7,6,95000
3,7,4,80000
4,9,10,155000
1,4,0,25000
2,9,11,160000
2,6,3,65000
3,8,7,120000
4,8,6,105000
2,7,5,85000
3,8,7,110000
4,9,12,170000
2,8,9,140000
1,5,1,30000
2,7,6,95000
3,7,4,80000
4,9,10,155000
1,4,0,25000
2,9,11,160000
2,6,3,65000
3,8,7,120000
4,8,6,105000
2,7,5,85000
3,8,7,110000
4,9,12,170000
2,8,9,140000
1,5,1,30000
2,7,6,95000
3,7,4,80000
4,9,10,155000
1,4,0,25000
2,9,11,160000
2,6,3,65000
3,8,7,120000
4,8,6,105000
2,7,5,85000
3,8,7,110000
4,9,12,170000
2,8,9,140000
1,5,1,30000
2,7,6,95000
3,7,4,80000
4,9,10,155000
1,4,0,25000
2,9,11,160000
2,6,1,60000
3,9,12,150000
2,7,4,80000
4,8,8,120000
2,8,10,130000
2,6,2,50000
3,9,18,180000
2,6,3,60000
2,8,7,110000
1,4,0,25000
3,8,6,100000
2,6,3,55000
4,8,9,140000
1,4,0,25000
2,9,12,150000
3,9,14,170000
2,6,1,55000
2,6,4,65000
2,6,3,60000
4,9,10,150000
2,6,2,50000
3,8,7,120000
2,6,1,55000
2,6,4,65000
2,6,3,60000
4,9,10,150000
2,6,2,50000
3,8,7,120000
2,6,1,60000
3,9,12,150000
2,7,4,80000
4,8,8,120000
2,8,10,130000
2,6,2,50000
3,9,18,180000
2,6,3,60000
2,8,7,110000
1,4,0,25000
3,8,6,100000
2,6,3,55000
4,8,9,140000
1,4,0,25000
2,9,12,150000
3,9,14,170000
2,6,1,55000
2,6,4,65000
2,6,3,60000
4,9,10,150000
2,6,2,50000
3,8,7,120000
2,6,1,55000
2,6,4,65000
2,6,3,60000
4,9,10,150000
2,6,2,50000
3,8,7,120000
2,6,1,60000
3,9,12,150000
2,7,4,80000
4,8,8,120000
2,8,10,130000
2,6,2,50000
3,9,18,180000
2,6,3,60000
2,8,7,110000
1,4,0,25000
3,8,6,100000
2,6,3,55000
4,8,9,140000
1,4,0,25000
2,9,12,150000
3,9,14,170000
2,6,1,55000
2,6,4,65000
2,6,3,60000
4,9,10,150000
2,6,2,50000
3,8,7,120000
2,6,1,55000
2,6,4,65000
2,6,3,60000
4,9,10,150000
2,6,2,50000
3,8,7,120000
2,6,1,60000
3,9,12,150000
2,7,4,80000
4,8,8,120000
2,8,10,130000
2,6,2,50000
3,9,18,180000
2,6,3,60000
2,8,7,110000
1,4,0,25000
3,8,6,100000
2,6,3,55000
4,8,9,140000
1,4,0,25000
2,9,12,150000
3,9,14,170000
2,6,1,55000
2,6,4,65000
2,6,3,60000
4,9,10,150000
2,6,2,50000
3,8,7,120000
2,6,1,55000
2,6,4,65000
2,6,3,60000
4,9,10,150000
2,6,2,50000
3,8,7,120000
2,6,1,60000
3,9,12,150000
2,7,4,80000
4,8,8,120000
2,8,10,130000
2,6,2,50000
3,9,18,180000
2,6,3,60000
2,8,7,110000
1,4,0,25000
3,8,6,100000
2,9,,
2,7,3,85000
3,9,11,160000
2,6,1,55000
4,8,5,100000
2,8,8,120000
2,6,2,50000
3,9,19,185000
2,6,4,65000
2,8,9,130000
1,4,0,25000
3,8,6,100000
2,6,3,55000
4,9,10,150000
1,4,0,25000
2,9,13,160000
3,9,14,170000
2,6,1,55000
2,6,4,65000
2,6,3,60000
4,9,11,160000
2,6,2,50000
3,8,8,120000
2,6,1,55000
2,6,4,65000
2,6,3,60000
4,9,11,160000
2,6,2,50000
3,8,8,120000
2,7,3,85000
3,9,11,160000
2,6,1,55000
4,8,5,100000
2,8,8,120000
2,6,2,50000
3,9,19,185000
2,6,4,65000
2,8,9,130000
1,4,0,25000
3,8,6,100000
2,6,3,55000
4,9,10,150000
1,4,0,25000
2,9,13,160000
3,9,14,170000
2,6,1,55000
2,6,4,65000
2,6,3,60000
4,9,11,160000
2,6,2,50000
3,8,8,120000
2,6,1,55000
2,6,4,65000
2,6,3,60000
4,9,11,160000
2,6,2,50000
3,8,8,120000
2,7,3,85000
3,9,11,160000
2,6,1,55000
4,8,5,100000
2,8,8,120000
2,6,2,50000
3,9,19,185000
2,6,4,65000
2,8,9,130000
1,4,0,25000
3,8,6,100000
2,6,3,55000
4,9,10,150000
1,4,0,25000
2,9,13,160000
3,9,14,170000
2,6,1,55000
2,6,4,65000
2,6,3,60000
4,9,11,160000
2,6,2,50000
3,8,8,120000
2,6,1,55000
2,6,4,65000
2,6,3,60000
4,9,11,160000
2,6,2,50000
3,8,8,120000
2,7,3,85000
3,9,11,160000
2,6,1,55000
4,8,5,100000
2,8,8,120000
2,6,2,50000
3,9,19,185000
2,6,4,65000
2,8,9,130000
1,4,0,25000
3,8,6,100000
2,6,3,55000
4,9,10,150000
1,4,0,25000
2,9,13,160000
3,9,14,170000
2,6,1,55000
2,6,4,65000
2,6,3,60000
4,9,11,160000
2,6,2,50000
3,8,8,120000
2,6,1,55000
2,6,4,65000
2,6,3,60000
4,9,11,160000
2,6,2,50000
3,8,8,120000
2,7,3,85000
3,9,11,160000
2,6,1,55000
4,8,5,100000
2,8,8,120000
2,6,2,50000
3,9,19,185000
2,6,4,65000
2,8,9,130000
1,4,0,25000
3,8,6,100000
2,6,3,55000
4,9,10,150000
2,7,3,85000
3,9,11,160000
2,6,1,55000
4,8,5,100000
2,8,8,120000
2,6,2,50000
3,9,19,185000
2,6,4,65000
2,8,9,130000
1,4,0,25000
3,8,6,100000
2,6,3,55000
4,9,10,150000
1,4,0,25000
2,9,13,160000
3,9,14,170000
2,6,1,55000
2,6,4,65000
2,6,3,60000
4,9,11,160000
2,6,2,50000
3,8,8,120000
2,6,1,55000
2,6,4,65000
2,6,3,60000
4,9,11,160000
2,6,2,50000
3,8,8,120000
2,7,3,85000
3,9,11,160000
2,6,1,55000
4,8,5,100000
2,8,8,120000
2,6,2,50000
3,9,19,185000
2,6,4,65000
2,8,9,130000
1,4,0,25000
3,8,6,100000
2,6,3,55000
4,9,10,150000
1,4,0,25000
2,9,13,160000
3,9,14,170000
2,6,1,55000
2,6,4,65000
2,6,3,60000
4,9,11,160000
2,6,2,50000
3,8,8,120000
2,6,1,55000
2,6,4,65000
2,6,3,60000
4,9,11,160000
2,6,2,50000
3,8,8,120000
2,7,3,85000
3,9,11,160000
2,6,1,55000
4,8,5,100000
2,8,8,120000
2,6,2,50000
3,9,19,185000
2,6,4,65000
2,8,9,130000
1,4,0,25000
3,8,6,100000
2,6,3,55000
4,9,10,150000
1,4,0,25000
2,9,13,160000
3,9,14,170000
2,6,1,55000
2,6,4,65000
2,6,3,60000
4,9,11,160000
2,6,2,50000
3,8,8,120000
2,6,1,55000
2,6,4,65000
2,6,3,60000
4,9,11,160000
2,6,2,50000
3,8,8,120000
2,7,3,85000
3,9,11,160000
2,6,1,55000
4,8,5,100000
2,8,8,120000
2,6,2,50000
3,9,19,185000
2,6,4,65000
2,8,9,130000
1,4,0,25000
3,8,6,100000
2,6,3,55000
4,9,10,150000
1,4,0,25000
2,9,13,160000
3,9,14,170000
2,6,1,55000
2,6,4,65000
2,6,3,60000
4,9,11,160000
2,6,2,50000
3,8,8,120000
2,6,1,55000
2,6,4,65000
2,6,3,60000
4,9,11,160000
2,6,2,50000
3,8,8,120000
2,7,3,85000
3,9,11,160000
2,6,1,55000
4,8,5,100000
2,8,8,120000
2,6,2,50000
3,9,19,185000
2,6,4,65000
2,8,9,130000
1,4,0,25000
3,8,6,100000
2,8,7,100000
2,8,7,120000
2,6,2,50000
3,8,9,130000
1,5,3,35000
4,9,13,160000
2,6,2,50000
2,8,6,100000
3,7,4,80000
2,6,1,60000
2,7,5,90000
4,9,11,170000
2,6,3,60000
2,8,7,120000
1,4,0,25000
3,9,14,180000
2,10,16,200000
2,6,2,50000
4,8,8,140000
2,7,4,70000
3,8,9,130000
2,7,3,80000
4,9,12,160000
2,6,1,55000
2,7,5,85000
4,9,11,170000
2,6,3,60000
2,8,7,120000
1,4,0,25000
3,9,14,180000
2,10,16,200000
2,6,2,50000
4,8,8,140000
2,7,4,70000
3,8,9,130000
2,7,3,80000
4,9,12,160000
2,6,1,55000
2,7,5,85000
4,9,11,170000
2,6,3,60000
2,8,7,120000
1,4,0,25000
3,9,14,180000
2,10,16,200000
2,6,2,50000
4,8,8,140000
2,7,4,70000
3,8,9,130000
2,7,3,80000
4,9,12,160000
2,6,1,55000
2,7,5,85000
4,9,11,170000
2,6,3,60000
2,8,7,120000
1,4,0,25000
3,9,14,180000
2,10,16,200000
2,6,2,50000
4,8,8,140000
2,7,4,70000
3,8,9,130000
2,7,3,80000
4,9,12,160000
2,6,1,55000
2,7,5,85000
4,9,11,170000
2,6,3,60000
2,8,7,120000
1,4,0,25000
3,9,14,180000
2,10,16,200000
2,6,2,50000
4,8,8,140000
2,7,4,70000
3,8,9,130000
2,7,3,80000
4,9,12,160000
2,6,1,55000
2,7,5,85000
4,9,11,170000
2,6,3,60000
2,8,7,120000
1,4,0,25000
3,9,14,180000
2,10,16,200000
2,6,2,50000
4,8,8,140000
2,7,4,70000
3,8,9,130000
2,7,3,80000
4,9,12,160000
2,6,1,55000
2,7,5,85000
4,9,11,170000
2,6,3,60000
2,8,7,120000
1,4,0,25000
3,9,14,180000
2,10,16,200000
2,6,2,50000
4,8,8,140000
2,7,4,70000
3,8,9,130000
2,7,3,80000
4,9,12,160000
2,6,1,55000
2,7,5,85000
4,9,11,170000
2,6,3,60000
2,8,7,120000
1,4,0,25000
3,9,14,180000
2,10,16,200000
2,6,2,50000
4,8,8,140000
2,7,4,70000
3,8,9,130000
2,7,3,80000
4,9,12,160000
2,6,1,55000
2,7,5,85000
4,9,11,170000
2,6,3,60000
2,8,7,120000
1,4,0,25000
3,9,14,180000
2,6,3,60000
3,8,9,120000
2,5,1,45000
2,7,5,80000
4,9,11,150000
2,6,2,65000
2,8,7,100000
3,7,4,90000
2,5,0,40000
2,8,6,110000
4,9,12,170000
2,7,3,75000
3,8,8,120000
2,7,4,70000
1,5,1,30000
4,9,13,180000
2,10,15,200000
2,6,1,50000
4,8,8,140000
2,6,3,65000
2,8,7,110000
1,4,0,28000
3,9,14,190000
2,10,16,210000
2,6,2,55000
4,8,8,140000
2,7,4,70000
3,8,9,130000
2,7,3,80000
4,9,12,170000
2,6,1,60000
2,7,5,90000
4,9,11,160000
2,6,3,60000
2,8,7,120000
1,4,0,25000
3,9,14,190000
2,10,16,200000
2,6,2,55000
4,8,8,140000
2,7,4,70000
3,8,9,130000
2,7,3,80000
4,9,12,170000
2,6,1,60000
2,7,5,90000
4,9,11,160000
2,6,3,60000
2,8,7,120000
1,4,0,25000
3,9,14,190000
2,10,16,200000
2,6,2,55000
4,8,8,140000
2,7,4,70000
3,8,9,130000
2,7,3,80000
4,9,12,170000
2,6,1,60000
2,7,5,90000
4,9,11,160000
2,6,3,60000
2,8,7,120000
1,4,0,25000
3,9,14,190000
2,10,16,200000
2,6,2,55000
4,8,8,140000
2,7,4,70000
3,8,9,130000
2,7,3,80000
4,9,12,170000
2,6,1,60000
2,7,5,90000
4,9,11,160000
2,6,3,60000
2,8,7,120000
1,4,0,25000
3,9,14,190000
2,10,16,200000
2,6,2,55000
4,8,8,140000
2,7,4,70000
3,8,9,130000
2,7,3,80000
4,9,12,170000
2,6,1,60000
2,7,5,90000
4,9,11,160000
2,6,3,60000
2,8,7,120000
1,4,0,25000
3,9,14,190000
2,10,16,200000
2,6,2,55000
4,8,8,140000
2,7,4,70000
3,8,9,130000
2,7,3,80000
4,9,12,170000
2,6,1,60000
2,7,5,90000
4,9,11,160000
2,6,3,60000
2,8,7,120000
1,4,0,25000
3,9,14,190000
2,10,16,200000
2,6,2,55000
4,8,8,140000
2,7,4,70000
3,8,9,130000
2,7,3,80000
4,9,12,170000
2,6,1,60000
2,7,5,90000
4,9,11,160000
2,6,3,60000
2,8,7,120000
1,4,0,25000
3,9,14,190000
2,10,16,200000
2,6,2,55000
4,8,8,140000
2,7,4,70000
3,8,9,130000
2,7,3,80000
2,7,3,75000
3,8,8,120000
2,6,2,65000
4,8,6,100000
2,9,11,150000
2,6,3,60000
3,8,9,120000
2,5,1,45000
2,7,5,80000
4,9,11,150000
2,6,2,65000
2,8,7,100000
3,7,4,90000
2,5,0,40000
2,8,6,110000
4,9,12,170000
2,7,3,75000
3,8,8,120000
2,7,4,70000
1,5,1,30000
4,9,13,180000
2,10,15,200000
2,6,1,50000
4,8,8,140000
2,6,3,65000
2,8,7,110000
1,4,0,28000
3,9,14,190000
2,10,16,210000
2,6,2,55000
4,8,8,140000
2,7,4,70000
3,8,9,130000
2,7,3,80000
4,9,12,170000
2,6,1,60000
2,7,5,90000
4,9,11,160000
2,6,3,60000
2,8,7,120000
1,4,0,25000
3,9,14,190000
2,10,16,200000
2,6,2,55000
4,8,8,140000
2,7,4,70000
3,8,9,130000
2,7,3,80000
4,9,12,170000
2,6,1,60000
2,7,5,90000
4,9,11,160000
2,6,3,60000
2,8,7,120000
1,4,0,25000
3,9,14,190000
2,10,16,200000
2,6,2,55000
4,8,8,140000
2,7,4,70000
3,8,9,130000
2,7,3,80000
4,9,12,170000
2,6,1,60000
2,7,5,90000
4,9,11,160000
2,6,3,60000
2,8,7,120000
1,4,0,25000
3,9,14,190000
2,10,16,200000
2,6,2,55000
4,8,8,140000
2,7,4,70000
3,8,9,130000
2,7,3,80000
4,9,12,170000
2,6,1,60000
2,7,5,90000
4,9,11,160000
2,6,3,60000
2,8,7,120000
1,4,0,25000
3,9,14,190000
2,10,16,200000
2,6,2,55000
4,8,8,140000
2,7,4,70000
3,8,9,130000
2,7,3,80000
4,9,12,170000
2,6,1,60000
2,7,5,90000
4,9,11,160000
2,6,3,60000
2,8,7,120000
1,4,0,25000
3,9,14,190000
2,10,16,200000
2,6,2,55000
4,8,8,140000
2,7,4,70000
3,8,9,130000
2,7,3,80000
4,9,12,170000
2,6,1,60000
2,7,5,90000
4,9,11,160000
2,6,3,60000
2,8,7,120000
1,4,0,25000
3,9,14,190000
2,10,16,200000
2,6,2,55000
4,8,8,140000
2,7,4,70000
3,8,9,130000
2,7,3,80000
4,9,12,170000
2,6,1,60000
2,7,5,90000
4,9,11,160000
2,6,3,60000
2,8,7,120000
1,4,0,25000
3,9,14,190000
2,10,16,200000
4,8,7,120000
2,6,3,60000
3,8,8,120000
2,6,2,65000
4,8,6,100000
2,9,11,150000
2,6,3,65000
3,8,9,120000
2,5,1,45000
2,7,5,80000
4,9,11,150000
2,6,2,65000
2,8,7,100000
3,7,4,90000
2,5,0,40000
2,8,6,110000
4,9,12,170000
2,7,3,75000
3,8,8,120000
2,7,4,70000
1,5,1,30000
4,9,13,180000
2,10,15,200000
2,6,1,50000
4,8,8,140000
2,6,3,65000
2,8,7,110000
1,4,0,28000
3,9,14,190000
2,10,16,210000
2,6,2,55000
4,8,8,140000
2,7,4,70000
3,8,9,130000
2,7,3,80000
4,9,12,170000
2,6,1,60000
2,7,5,90000
4,9,11,160000
2,6,3,60000
2,8,7,120000
1,4,0,25000
3,9,14,190000
2,10,16,200000
2,6,2,55000
4,8,8,140000
2,7,4,70000
3,8,9,130000
2,7,3,80000
4,9,12,170000
2,6,1,60000
2,7,5,90000
4,9,11,160000
2,6,3,60000
2,8,7,120000
1,4,0,25000
3,9,14,190000
2,10,16,200000
2,6,2,55000
4,8,8,140000
2,7,4,70000
3,8,9,130000
2,7,3,80000
4,9,12,170000
2,6,1,60000
2,7,5,90000
4,9,11,160000
2,6,3,60000
2,8,7,120000
1,4,0,25000
3,9,14,190000
2,10,16,200000
2,6,2,55000
4,8,8,140000
2,7,4,70000
3,8,9,130000
2,7,3,80000
4,9,12,170000
2,6,1,60000
2,7,5,90000
4,9,11,160000
2,6,3,60000
2,8,7,120000
1,4,0,25000
3,9,14,190000
2,10,16,200000
2,6,2,55000
4,8,8,140000
2,7,4,70000
3,8,9,130000
2,7,3,80000
4,9,12,170000
2,6,1,60000
2,7,5,90000
4,9,11,160000
2,6,3,60000
2,8,7,120000
1,4,0,25000
3,9,14,190000
2,10,16,200000
2,6,2,55000
4,8,8,140000
2,7,4,70000
3,8,9,130000
2,7,3,80000
4,9,12,170000
2,6,1,60000
2,7,5,90000
4,9,11,160000
2,6,3,60000
2,8,7,120000
1,4,0,25000
3,9,14,190000
2,10,16,200000
2,6,2,55000
4,8,8,140000
2,7,4,70000
3,8,9,130000
2,7,3,80000
4,9,12,170000
2,6,1,60000
2,7,5,90000
4,9,11,160000
2,6,3,60000
2,8,7,120000
1,4,0,25000
3,9,14,190000
2,10,16,200000
2,6,4,65000
3,8,9,125000
2,7,3,70000
4,8,7,110000
2,9,12,160000
2,7,4,75000
3,8,8,120000
2,6,2,50000
2,7,5,85000
4,9,11,155000
2,7,3,70000
2,8,8,115000
3,7,5,95000
2,5,0,40000
2,8,6,115000
4,9,12,175000
2,7,3,70000
3,8,9,135000
2,7,4,75000
1,5,1,30000
4,9,13,185000
2,10,15,210000
2,5,1,45000
4,8,9,145000
2,7,3,70000
2,8,7,120000
1,4,0,28000
3,9,14,195000
2,10,16,215000
2,6,2,55000
4,8,9,145000
2,7,4,75000
3,8,9,135000
2,7,3,80000
4,9,13,185000
2,6,1,60000
2,7,5,95000
4,9,12,170000
2,6,3,65000
2,8,7,120000
1,4,0,25000
3,9,14,195000
2,10,16,215000
2,6,2,55000
4,8,9,145000
2,7,4,75000
3,8,9,135000
2,7,3,80000
4,9,13,185000
2,6,1,60000
2,7,5,95000
4,9,12,170000
2,6,3,65000
2,8,7,120000
1,4,0,25000
3,9,14,195000
2,10,16,215000
2,6,2,55000
4,8,9,145000
2,7,4,75000
3,8,9,135000
2,7,3,80000
4,9,13,185000
2,6,1,60000
2,7,5,95000
4,9,12,170000
2,6,3,65000
2,8,7,120000
1,4,0,25000
3,9,14,195000
2,10,16,215000
2,6,2,55000
4,8,9,145000
2,7,4,75000
3,8,9,135000
2,7,3,80000
4,9,13,185000
2,6,1,60000
2,7,5,95000
4,9,12,170000
2,6,3,65000
2,8,7,120000
1,4,0,25000
3,9,14,195000
2,10,16,215000
2,6,2,55000
4,8,9,145000
2,7,4,75000
3,8,9,135000
2,7,3,80000
4,9,13,185000
2,6,1,60000
2,7,5,95000
4,9,12,170000
2,6,3,65000
2,8,7,120000
1,4,0,25000
3,9,14,195000
2,10,16,215000
2,6,2,55000
4,8,9,145000
2,7,4,75000
3,8,9,135000
2,7,3,80000
4,9,13,185000
2,6,1,60000
2,7,5,95000
4,9,12,170000
2,6,3,65000
2,8,7,120000
1,4,0,25000
3,9,14,195000
2,10,16,215000
2,6,2,55000
4,8,9,145000
2,7,4,75000
3,8,9,135000
2,7,3,80000
4,9,13,185000
2,6,1,60000
2,7,5,95000
4,9,12,170000
2,6,3,65000
2,8,7,120000
1,4,0,25000
3,9,14,195000
2,10,16,215000
3,7,2,75000
4,9,14,185000
2,8,7,120000
2,6,3,60000
3,8,10,145000
2,7,4,75000
3,8,8,135000
2,7,2,70000
4,9,12,175000
1,4,0,28000
3,9,14,195000
2,10,16,215000
2,6,2,55000
4,8,9,145000
2,7,4,75000
3,8,9,135000
2,7,3,80000
4,9,13,185000
2,6,1,60000
2,7,5,95000
4,9,12,170000
2,6,3,65000
2,8,7,120000
1,4,0,25000
3,9,14,195000
2,10,16,215000
2,6,2,55000
4,8,9,145000
2,7,4,75000
3,8,9,135000
2,7,3,80000
4,9,13,185000
2,6,1,60000
2,7,5,95000
4,9,12,170000
2,6,3,65000
2,8,7,120000
1,4,0,25000
3,9,14,195000
2,10,16,215000
2,6,2,55000
4,8,9,145000
2,7,4,75000
3,8,9,135000
2,7,3,80000
4,9,13,185000
2,6,1,60000
2,7,5,95000
4,9,12,170000
2,6,3,65000
2,8,7,120000
1,4,0,25000
3,9,14,195000
2,10,16,215000
2,6,2,55000
4,8,9,145000
2,7,4,75000
3,8,9,135000
2,7,3,80000
4,9,13,185000
2,6,1,60000
2,7,5,95000
4,9,12,170000
2,6,3,65000
2,8,7,120000
1,4,0,25000
3,9,14,195000
2,10,16,215000
2,6,2,55000
4,8,9,145000
2,7,4,75000
3,8,9,135000
2,7,3,80000
4,9,13,185000
2,6,1,60000
2,7,5,95000
4,9,12,170000
2,6,3,65000
2,8,7,120000
1,4,0,25000
3,9,14,195000
2,10,16,215000
2,6,2,55000
4,8,9,145000
2,7,4,75000
3,8,9,135000
2,7,3,80000
4,9,13,185000
2,6,1,60000
2,7,5,95000
4,9,12,170000
2,6,3,65000
2,8,7,120000
1,4,0,25000
3,9,14,195000
2,10,16,215000
2,6,2,55000
4,8,9,145000
2,7,4,75000
3,8,9,135000
2,7,3,80000
4,9,13,185000
2,6,1,60000
2,7,5,95000
4,9,12,170000
2,6,3,65000
2,8,7,120000
1,4,0,25000
3,9,14,195000
2,10,16,215000
2,6,2,55000
4,8,9,145000
2,7,4,75000
3,8,9,135000
2,7,3,80000
4,9,13,185000
2,6,1,60000
2,7,5,95000
4,9,12,170000
2,6,3,65000
2,8,7,120000
1,4,0,25000
3,9,14,195000
2,10,16,215000
2,6,2,55000
4,8,9,145000
2,7,4,75000
2,5,2,45000
3,7,8,80000
4,7,7,90000
1,5,1,35000
2,8,12,120000
2,6,4,60000
3,7,5,70000
1,5,3,40000
4,9,15,150000
2,5,2,35000
3,8,13,130000
2,5,1,35000
4,9,18,180000
1,6,4,60000
2,7,6,75000
3,6,3,50000
4,8,10,100000
1,5,2,40000
2,8,11,110000
3,6,4,55000
4,9,17,170000
2,5,3,40000
3,7,9,95000
1,5,1,35000
4,8,14,140000
2,7,5,70000
3,6,3,50000
4,7,6,75000
1,5,2,40000
2,8,12,120000
3,5,2,40000
4,9,16,160000
2,6,4,55000
3,8,10,100000
1,5,1,35000
2,7,8,80000
4,7,7,90000
2,5,1,35000
3,8,13,130000
2,6,4,60000
3,7,5,70000
1,5,3,40000
4,9,15,150000
2,5,2,35000
3,9,18,180000
1,5,2,40000
2,7,6,75000
4,8,12,120000
3,6,3,50000
2,7,7,90000
1,5,1,35000
2,8,11,110000
3,5,3,45000
4,7,5,70000
2,5,1,30000
3,8,13,130000
1,6,4,60000
2,9,15,150000
4,7,8,80000
2,5,1,35000
3,9,16,160000
1,5,2,40000
4,9,17,170000
2,5,3,40000
3,7,9,95000
1,5,1,35000
2,8,10,100000
4,7,5,70000
3,6,3,50000
2,8,12,120000
1,5,2,40000
2,6,3,50000
3,8,14,140000
1,5,2,40000
2,8,10,100000
4,5,1,30000
3,7,6,75000
1,5,2,40000
2,9,18,180000
4,7,8,80000
2,5,1,35000
3,8,12,120000
1,5,3,45000
2,7,7,90000
4,6,4,55000
3,9,16,160000
2,5,2,40000
4,9,17,170000
1,5,3,40000
3,7,9,95000
1,5,1,35000
2,8,11,110000
4,7,6,75000
3,6,3,50000
2,8,12,120000
1,5,2,40000
3,9,15,150000
2,7,5,70000
4,9,19,190000
1,5,3,40000
2,7,6,75000
3,8,14,140000
1,5,1,35000
2,8,12,120000
4,7,8,80000
2,5,1,35000
3,8,13,130000
1,5,2,40000
2,7,7,90000
4,6,4,55000
3,9,18,180000
2,5,3,45000
4,9,19,190000
1,6,3,50000
2,6,4,55000
3,8,13,130000
1,5,1,35000
2,8,12,120000
4,7,9,95000
2,5,1,35000
3,8,14,140000
1,5,2,40000
2,7,8,80000
4,6,4,55000
3,9,19,190000
2,7,6,75000
4,9,17,170000
1,6,3,50000
2,6,4,55000
3,8,13,130000
1,5,1,35000
2,8,12,120000
4,7,9,95000
2,5,1,35000
3,8,14,140000
1,5,2,40000
2,7,8,80000
4,6,4,55000
3,9,19,190000
2,7,6,75000
4,9,17,170000
1,6,3,50000
2,6,4,55000
3,8,13,130000
1,5,1,35000
2,8,12,120000
4,7,9,95000
2,5,1,35000
3,8,14,140000
1,5,2,40000
2,7,8,80000
4,6,4,55000
3,9,19,190000
2,7,6,75000
4,9,17,170000
1,6,3,50000
2,6,4,55000
3,8,13,130000
1,5,1,35000
2,8,12,120000
4,7,9,95000
2,5,1,35000
3,8,14,140000
1,5,2,40000
2,7,8,80000
4,6,4,55000
3,9,19,190000
2,7,6,75000
4,9,17,170000
1,6,3,50000
2,6,4,55000
3,8,13,130000
1,5,1,35000
2,8,12,120000
4,7,9,95000
2,5,1,35000
3,8,14,140000
1,5,2,40000
2,7,8,80000
4,6,4,55000
3,9,19,190000
2,7,6,75000
4,9,17,170000
1,6,3,50000
2,6,4,55000
3,8,13,130000
1,5,1,35000
2,8,12,120000
4,7,9,95000
2,5,1,35000
3,8,14,140000
1,5,2,40000
2,7,8,80000
4,6,4,55000
3,9,19,190000
2,9,6,
3,8,11,110000
2,5,2,40000
4,9,15,150000
1,6,4,55000
2,7,5,70000
3,9,16,160000
1,5,1,35000
2,8,10,100000
4,7,7,90000
3,6,3,50000
2,8,14,140000
1,5,2,40000
4,9,18,180000
2,7,7,90000
2,5,1,35000
3,8,12,120000
1,5,3,45000
2,7,8,80000
4,6,4,55000
3,9,18,180000
2,7,6,75000
4,9,19,190000
1,5,3,40000
2,7,5,70000
3,9,15,150000
1,5,1,35000
2,8,12,120000
4,7,8,80000
2,5,1,35000
3,8,13,130000
1,5,2,40000
2,7,7,90000
4,6,4,55000
3,9,18,180000
2,5,3,45000
4,9,19,190000
1,6,3,50000
2,6,4,55000
3,8,13,130000
1,5,1,35000
2,8,12,120000
4,7,9,95000
2,5,1,35000
3,8,14,140000
1,5,2,40000
2,7,8,80000
4,6,4,55000
3,9,19,190000
2,7,6,75000
4,9,17,170000
1,6,3,50000
2,6,4,55000
3,8,13,130000
1,5,1,35000
2,8,12,120000
4,7,9,95000
2,5,1,35000
3,8,14,140000
1,5,2,40000
2,7,8,80000
4,6,4,55000
3,9,19,190000
2,7,6,75000
4,9,17,170000
1,6,3,50000
2,6,4,55000
3,8,13,130000
1,5,1,35000
2,8,12,120000
4,7,9,95000
2,5,1,35000
3,8,14,140000
1,5,2,40000
2,7,8,80000
4,6,4,55000
3,9,19,190000
2,7,6,75000
4,9,17,170000
1,6,3,50000
2,6,4,55000
3,8,13,130000
1,5,1,35000
2,8,12,120000
4,7,9,95000
2,5,1,35000
3,8,14,140000
1,5,2,40000
2,7,8,80000
4,6,4,55000
3,9,19,190000
2,7,6,75000
4,9,17,170000
1,6,3,50000
2,6,4,55000
3,8,13,130000
1,5,1,35000
2,8,12,120000
4,7,9,95000
2,5,1,35000
3,8,14,140000
1,5,2,40000
2,7,8,80000
4,6,4,55000
3,9,19,190000
2,7,6,75000
4,9,17,170000
1,6,3,50000
2,6,4,55000
3,8,13,130000
1,5,1,35000
2,8,12,120000
4,7,9,95000
2,5,1,35000
3,8,14,140000
1,5,2,40000
2,7,8,80000
4,6,4,55000
3,9,19,190000
2,7,6,75000
4,9,17,170000
1,6,3,50000
2,6,4,55000
3,8,13,130000
1,5,1,35000
3,8,12,120000
2,5,3,45000
4,9,16,160000
1,7,5,70000
2,7,6,75000
3,9,17,170000
1,5,1,35000
2,8,11,110000
4,7,8,80000
3,6,4,55000
2,9,15,150000
1,5,2,40000
4,9,19,190000
2,7,8,80000
2,5,1,35000
3,8,13,130000
1,5,3,45000
2,7,7,90000
4,6,4,55000
3,9,19,190000
2,7,7,90000
4,10,20,200000
1,5,3,40000
2,7,5,70000
3,9,16,160000
1,5,1,35000
2,8,13,130000
4,7,9,95000
2,5,1,35000
3,8,14,140000
1,5,2,40000
2,7,7,90000
4,6,4,55000
3,9,19,190000
2,7,6,75000
4,10,20,200000
1,6,3,50000
2,6,4,55000
3,8,14,140000
1,5,1,35000
2,8,13,130000
4,8,10,100000
2,5,1,35000
3,9,15,150000
1,5,2,40000
2,7,8,80000
4,6,4,55000
3,9,19,190000
2,7,7,90000
4,10,20,200000
1,5,3,40000
2,7,5,70000
3,9,16,160000
1,5,1,35000
2,8,13,130000
4,7,9,95000
2,5,1,35000
3,8,14,140000
1,5,2,40000
2,7,7,90000
4,6,4,55000
3,9,19,190000
2,7,6,75000
4,10,20,200000
1,6,3,50000
2,6,4,55000
3,8,14,140000
1,5,1,35000
2,8,13,130000
4,8,10,100000
2,5,1,35000
3,9,15,150000
1,5,2,40000
2,7,8,80000
4,6,4,55000
3,9,19,190000
2,7,7,90000
4,10,20,200000
1,5,3,40000
2,7,5,70000
3,9,16,160000
1,5,1,35000
2,8,13,130000
4,7,9,95000
2,5,1,35000
3,8,14,140000
1,5,2,40000
2,7,7,90000
4,6,4,55000
3,9,19,190000
2,7,6,75000
4,10,20,200000
1,6,3,50000
2,6,4,55000
3,8,14,140000
1,5,1,35000
2,8,13,130000
4,8,10,100000
2,5,1,35000
3,9,15,150000
1,5,2,40000
2,7,8,80000
4,6,4,55000
3,9,19,190000
2,7,7,90000
4,10,20,200000
1,5,3,40000
2,7,5,70000
3,9,16,160000
1,5,1,35000
2,8,13,130000
4,7,9,95000
2,5,1,35000
3,8,14,140000
1,5,2,40000
2,7,7,90000
4,6,4,55000
3,9,19,190000
2,7,6,75000
4,10,20,200000
1,6,3,50000
2,6,4,55000
3,8,14,140000
1,5,1,35000
